writing_id,cefr_level,topic_id,sentence_index,sentence,cluster_id,cluster_id_v2
527609,A1,5,0,Hi!,12,1
527609,A1,5,1,I'm Masha.,27,2
527609,A1,5,2,I'm fourteen years old.,20,24
527609,A1,5,3,I'm from Russia.,11,3
527609,A1,5,4,I live in Moscow.,11,3
527609,A1,5,5,I'm a pianist.,13,22
527609,A1,5,6,I'll be an actress or director soon.,21,16
527609,A1,5,7,I like all my jobs.),21,-1
1160778,A1,2,0,iluminated and clean.,22,-1
1160778,A1,2,1,thereCThere are some plants.,-1,37
1160778,A1,2,2,"thereCThere is a kitchen, a meeting room.",19,30
832274,A1,1,0,"myCMy name is Lisa Zhou,AS I'm a girl RS,AS I come from chinaCChina,PU.AS I think englishCEnglish is very useful,AS I want to learn about Dit.",25,3
555617,A1,5,0,I am Leo PU.I am 50.,20,24
555617,A1,5,1,"I live in Dalian, China I am an engineer PU.I work in an office PU.I like my job.",21,3
537009,A1,1,0,"I'm 26 year live in fortaleza cear, started in the course of two weeks and do not know where to go, sorry for something and I ask you to be patient, I'm loving the course and I intend to do as much to learn.",-1,3
974657,A1,1,0,Good evening.PU!,0,15
974657,A1,1,1,"How are you?.D I'm fine, thanks.",10,-1
974657,A1,1,2,Dyou'reCYou're busy.,5,35
974657,A1,1,3,?D RS Good night.PU!,0,1
233953,A1,6,0,"I'm not very tall,I'm slim.",20,4
233953,A1,6,1,I have short blck hair and big brwon eyes.,1,4
233953,A1,6,2,I have big nose.,1,4
233953,A1,6,3,Ihave long legs and small feet.I'm very happy.,7,29
426596,A1,5,0,"My name is Heraldo,PU.",27,2
426596,A1,5,1,I'm forty-two yaersSPyears old.,20,24
426596,A1,5,2,I'm a teacher and I work in school.,21,43
426596,A1,5,3,"I ISam from BrasilSPBrazilPU, but I leveSPlive in Belo Horizonte, Minas Gerais.",11,3
426596,A1,5,4,Nice teSPto meet you.,-1,-1
426596,A1,5,5,Good bye!,2,0
247195,A1,4,0,Hello.,12,1
247195,A1,4,1,There are five people in my family.,20,25
247195,A1,4,2,I have a mother and a father.,20,25
247195,A1,4,3,My mother is fifty-five and my father is sixty.,20,25
247195,A1,4,4,My brother is twenty-eight and my grandmother is eighty-seven.,20,25
247195,A1,4,5,They live in Brazil.,11,3
896761,A1,3,0,"I live in Macei, MWit has a beautiful beach, thereWCit is a hot city.",30,37
896761,A1,3,1,In DdowtonSPDowntown there are a lot PRof shops and streets busyWObusy streets.,28,38
267129,A1,7,0,T-SHIRT R$70 BAG R$120 SHIRT R$50 SKIRT R$ 85 SHOES R$ 150 PANTS R$ 200,6,17
597107,A1,3,0,1- Big Hat has agreed to let us toD do their TV ads.,21,-1
597107,A1,3,1,2- Shary MWhas to ask Allison from Big H about their requirements by next week's meeting.,21,-1
597107,A1,3,2,3- Alex and his team MWhas to brainstorm possible ad ideas by next week's meeting.,21,-1
597107,A1,3,3,4- Sam MWhas to book a table for 18 people in a Japanese restaurant regarding our office party at end of the month.,19,-1
524309,A1,3,0,Hi!My name is Lucy.,27,2
524309,A1,3,1,I am 23 years old.,20,24
524309,A1,3,2,"I am from Zhe Jiang, in China.",25,3
524309,A1,3,3,I live in Jiang Su.Bye!,25,3
1028950,A1,1,0,Good evening.,0,1
1028950,A1,1,1,How are you?,0,-1
1028950,A1,1,2,"I''m fine, thanks.",10,-1
1028950,A1,1,3,we''reCWe''re busy.,5,35
1028950,A1,1,4,Good night.,0,1
470987,A1,7,0,pink sweater 3.00 USD black skirt 5.00 USD pink pants 6.00 USD orange blouse 10.00 USD gray shirt 15.00 USD gray skirt 5.00 USD gray pants 10.00 USD blue t-shirt 6.00 USD blak skirt 6.00 USD,6,17
868342,A1,5,0,"iCI usually shop PRfor electronics online, if iCI now what to by.AS thereWCThe are electronics cheapWCelectronics are cheaper.AS I like shopingSPshopping in the mall.AS There are a lot of sales.",-1,17
868342,A1,5,1,Sometimes there areWCis unD usually things.,-1,27
1041168,A1,3,0,"Now,AS I live in Siping.AS The DSiping is the third city in Jilin.AS I studied in Jilin Normal University.",25,3
1041168,A1,3,1,"There are many trees RS, grass and flowers in it.AS There is a library in it.AS It's very crowSPded and dirty.AS And  RSit's always windy.",30,37
289571,A1,1,0,"hi, My name's Moiss.",27,2
289571,A1,1,1,"I''m 30 years old, I have a beautiful family is my wife Denise and son Bruno.",20,25
289571,A1,1,2,I need to study English because a lot of my work.,-1,-1
289571,A1,1,3,Good bless you,0,5
1105350,A1,2,0,"In the office, there are some desksPU, some computers MWand some chairs.",19,30
1105350,A1,2,1,There are a lot of mouses and a lot of keyboard.,19,30
1185175,A1,6,0,"The Restaurant at the cross is vertySPvery delicious and expansiveSP expensive, butAR the foodsWCfood is vertySPvery spacySP spicy.",28,39
1185175,A1,6,1,Do you like sacySPspicy food?,28,39
1185175,A1,6,2,"The sandwiches and salads are really good, and dessert and fruits are very good, too.",28,39
1185175,A1,6,3,The coffee is bad.,28,39
320498,A1,3,0,"Hi!My name's Jnio Csar.I'm thirty-four years old.I'm from Ituiutaba-MG, but live in So Bernardo do Campo-SP, in Brazil.Nice to meet you.Bye!",25,3
1142998,A1,6,0,The Chinese Garden is a very good restaurant.,28,39
1142998,A1,6,1,They have spicy food and delicious sweet-sour rice.,28,39
1142998,A1,6,2,The dessert is really nice and the people are friendly.,28,39
1111824,A1,1,0,Good Evening.,0,1
1111824,A1,1,1,How are you.PU?,0,15
1111824,A1,1,2,"I''m fine, thank''s.",10,-1
1111824,A1,1,3,WCthanks.,-1,8
1111824,A1,1,4,We''r WCWe're busy.,5,35
1111824,A1,1,5,Good Night.,0,1
200963,A1,7,0,Pink shirt 8.99MWdollarsOrange dress 12.99MWdollarsGray shirt 13.99MWdollarsGray short skirt 15.99MWdollarsBlue shirt 10.99MWdollarsBlack body black 5.99MWdollarsWhite body black 3.99MWdollarsBlack short skirt 7.99MWdollarsPink pants 6.99MWdollarsBlue Jeans 8.99MWdollarsGray pants 9.99MWdollarsBlue shoes 19.99MWdollarsOrange bag 12.99MWdollarsYellow bag 11.99MWdollarsNecklace 4.99 MWdollars,6,17
241674,A1,7,0,Sale!,10,41
241674,A1,7,1,Fine feathers make fine birds!,4,33
241674,A1,7,2,"Sale!blackCBlack skirt $10blueCBlue or black shirt $5smallCSmall grey pants $8longCLong orange jumper $5Today's special offer:dressesCDresses, combination of black skirt and pink jacket $7,50",6,17
1049327,A1,2,0,CODE OF CONDUCT Employees are required to follow these code of conduct at all times: -SPe Do not arrive at the office later than 10 am and do not leave before 17 pm -SPe Do not eat warm dishes at the office -SPe Arrive for meetings on time -SPe Do daily reportingsSPreporting to your team leader -SPe Implement a signature to your email account,6,14
996499,A1,5,0,"I think inARthe mall is very expensive, so I usually byWCbuy in ARa small shop.",28,18
996499,A1,5,1,I can walk the street andoSPand see differentsSPdifferent stores.,28,38
276098,A1,6,0,My name''s Ramiro Sanchez.,27,2
276098,A1,6,1,I have WCam 45 years old.,21,24
276098,A1,6,2,I have black hair and brown eyes.I''m tall and fat.,1,4
276098,A1,6,3,I have short black hair and small brown eyes.,1,4
276098,A1,6,4,I am very happy.,-1,29
951459,A1,1,0,"Good evening.PU, How are you?",0,15
951459,A1,1,1,"I'm fine, thanks.",10,-1
951459,A1,1,2,We're busy.,5,35
951459,A1,1,3,Good night.,0,1
215906,A1,1,0,"Myname's John, Iamfrom Kaohsiung.EnglishisPainfulto me thatalotofhopethat teachers will teach.",25,2
334092,A1,1,0,"Hi, my name's Marcus Welby.",27,2
334092,A1,1,1,I'm brazilianCBrazilian.,11,3
334092,A1,1,2,"I'm very nervous because I'mXCI only begunXCstarted, but I need to pratice, it'sD right?",-1,-1
334092,A1,1,3,"For today, it's just this (or &quot;it's only&quot;, correct?).",9,8
334092,A1,1,4,Thank you for POyour attention.,-1,5
671878,A1,3,0,"I live in Yaroslavl.AS It is a beautiful and busy city.AS There are a lot of churchPLchurchs,MW and parks.AS There is a beautiful theater.AS Yaroslavl is a great city!",30,37
872413,A1,6,0,I know a good restaurant.,28,39
872413,A1,6,1,Its name is ((())).,9,8
872413,A1,6,2,It is familiar with its fast food.,28,39
872413,A1,6,3,"The restaurant providePLprovides FrechSPFrench fries, fried chicken, hamburgers(also have spciySPspicy tasted) sandwiches and fresh garden salad.",28,39
872413,A1,6,4,We also can have fruit juice and soft drink.,28,39
633878,A1,5,0,Hi.,12,1
633878,A1,5,1,"RS My name's Juan Brites RS, I'm forty years old.",25,24
633878,A1,5,2,RS I'm from  RSthe  RSUK PU.,9,8
633878,A1,5,3,"I live in Boston RS.AS I'm ARa chefPU, I like my job.",21,3
659387,A1,2,0,"Dear Ms Thomas, There are 13 computers and 16 keyboards in the office.",19,-1
659387,A1,2,1,"Also, there are 16 headphone, 30 pens, 15 pencils, 12 desks, 14 chairs and 1 table.",19,-1
659387,A1,2,2,"RS Best RegardsPU,",-1,5
387549,A1,1,0,Hello teacher!,12,1
387549,A1,1,1,My name is Diogo Cordone.,27,2
387549,A1,1,2,Nice to meet you!,-1,-1
387549,A1,1,3,"I am from Brazil, and I really want to learn English, because I need to read books in English and I like to travel to other countries.",-1,-1
387549,A1,1,4,Thank you!,-1,5
387549,A1,1,5,Goodbye!,2,0
1125650,A1,6,0,I know a good restaurant toPRfor the ARlunch.,28,39
1125650,A1,6,1,"In this restaurant, the food is really very good.",28,39
1125650,A1,6,2,The meat is excellent; the vegetables of the salads are fresh.,28,39
1125650,A1,6,3,"The desserts are, usually, chocolate cake orWCand ice cream.",28,39
983881,A1,1,0,Good evening.PU!,0,15
983881,A1,1,1,How are you?,0,-1
983881,A1,1,2,"I'm fine RS, thanks.",10,-1
983881,A1,1,3,we'reCWe're  RSbusy.,9,35
983881,A1,1,4,Good night.PU!,0,1
796512,A1,4,0,"In my office, MWI workingWCwork with 4 peaplesSPpeoples.",21,42
796512,A1,4,1,My boss is very busy and very hardworking.,21,36
796512,A1,4,2,He is a peaple friendly and funnyWOfriendly and funny person.,21,29
796512,A1,4,3,He travel always on mondaysCMondays.,23,-1
796512,A1,4,4,I like very DofPRto travel with himMW very much.,31,-1
796512,A1,4,5,We are always together.,10,-1
961982,A1,1,0,Good evening RS.,0,1
961982,A1,1,1,How are you?,0,-1
961982,A1,1,2,"I'm fine, thanks.",10,-1
961982,A1,1,3,We are busy.,5,35
961982,A1,1,4,Good night.,0,1
153311,A1,2,0,"Dear boss, There are 30 pens in our office.",19,-1
153311,A1,2,1,There are 15 pencils in our office.,19,-1
153311,A1,2,2,There are 12 desks and 14 chairs.,19,-1
153311,A1,2,3,There are 16 keyboards and 16 headphones.,19,-1
153311,A1,2,4,There is one table.,19,30
153311,A1,2,5,"Best regards, Thomas",-1,5
1052344,A1,1,0,Good evening.,0,1
1052344,A1,1,1,How ereSPare you?,0,-1
1052344,A1,1,2,"I'm fine, thanks.",10,-1
1052344,A1,1,3,We're busy.,5,35
1052344,A1,1,4,Good nightPU.,0,1
660906,A1,2,0,"Dear Ms Thomas, RS There are thirty pens, fifteen pencils, twelve desks and fourteen chairs in the office.",19,-1
660906,A1,2,1,"RS There are also thirteen computers, sixteen keyboards, sixteen headphones and also there is one table.",19,-1
660906,A1,2,2,"RS Greetings, RS Andrs.",9,8
486871,A1,2,0,Dear Ms Thomas: There are 13 computers and 16 keyboards in the office.,19,-1
486871,A1,2,1,"Also, there are thirth pens and fifteen pencils and twelve desks in the office.Then there is one table and fourteen chairs and sixteen computers in the office.What do I need buy?",19,-1
486871,A1,2,2,ShuangLue,-1,8
532209,A1,4,0,Hi Maria!,-1,1
532209,A1,4,1,Nice to meet you.,-1,-1
532209,A1,4,2,My name is Emily.I'm thirty years old.I'm from Sichuan in China.I live in Chengdu.I am a office worker.,25,3
532209,A1,4,3,"My family is four people.My mother,my father,my sister and I.My mother is fifty-one and my father is fifty-seven.My partents live in Nanchong.My sister is twenty-seven years old.She also live in Chengdu.",20,25
532209,A1,4,4,see you!,10,16
532209,A1,4,5,Emily,26,8
568121,A1,2,0,"Dear Ms Thomas, You have to buy all these below: Thirty pens; Fifty pencils; Twelve desks; Fourteen chairs.",19,-1
568121,A1,2,1,Now in the office there are: Thirteen computers; Sixteen keyboards; Sixteen headphones and there is OneCone table.,19,-1
568121,A1,2,2,Thanks Vini,-1,5
776718,A1,2,0,"Dear Ms Thomas, There are 13 computers and 16 keyboards in the office.AS Also,AS there are 12 desks RS,AS 14 chairs and 16 headphones in the office.AS There is one table in it RS.AS On the table RS,AS there are 30 pens and 15 pencils.%%",19,-1
119725,A1,3,0,Hi !,12,1
119725,A1,3,1,My name's Enrico.,27,2
119725,A1,3,2,"I'm from Cremona, Italy.",11,3
119725,A1,3,3,I'm thirty-two years old.,20,24
119725,A1,3,4,I like go motorcycle.,7,23
119725,A1,3,5,How are you ?,0,-1
119725,A1,3,6,Nice to meet you !,-1,-1
119725,A1,3,7,Goodbye.,2,0
119725,A1,3,8,Enrico.,26,8
952980,A1,1,0,Good evening.,0,1
952980,A1,1,1,How are you?,0,-1
952980,A1,1,2,"I'm fine, thanks.",10,-1
952980,A1,1,3,We're busy.,5,35
952980,A1,1,4,Good night.,0,1
320217,A1,3,0,"hiCHi!myCMy name'sXCname is Lucas.i'mCI'm twenty-seven years old.i'mCI'm from Guarapuava, in Brazil.Nice to meet you.Bye!",25,3
811671,A1,6,0,"MWHi, The pastaCPasta House is a good restaurant.",28,39
811671,A1,6,1,"They have hamburgers, noodles, soup meatWOmeat soup , soup chickenWOchicken soup and drinks.",28,39
811671,A1,6,2,There isAGare deliciusSPdelicious SweetsCsweets and it is not expensive.NS Hope you like it.,28,39
811671,A1,6,3,"Bye, your name",2,0
1117224,A1,6,0,The Center restaurant is a really good restaurant.,28,39
1117224,A1,6,1,The food is delicious.,28,39
1117224,A1,6,2,It has fresh fish.,-1,39
1117224,A1,6,3,The people are friendly.,-1,29
849324,A1,5,0,Hi: My name's WuliPU.,27,2
849324,A1,5,1,I'm forty-fourPU.,20,24
849324,A1,5,2,I'm from China COand I live in Anqingshi AnhuishiPU.,25,3
849324,A1,5,3,I work in an office COand I'm a managerPU.,21,42
849324,A1,5,4,I like my jopSPjobPU.,21,-1
849324,A1,5,5,"GoodbyePU, Wu liCLi",2,0
467538,A1,2,0,30 pens 15 pencils 12 desks 14 chairs 13 computers 16 keyboards 16 headphones 1 table,19,-1
533756,A1,5,0,"Hi, my name's Raimundo.",27,2
533756,A1,5,1,I'm twenty-three years old.,20,24
533756,A1,5,2,"I'm from Brazil, and I live in Bahia.",11,3
533756,A1,5,3,I'm an engineer and work in an office.,21,42
533756,A1,5,4,Nice to meet you.,-1,-1
533756,A1,5,5,See you.,10,16
550755,A1,1,0,"HiPU, Teacher,PU.",-1,15
550755,A1,1,1,"myCMy name is Alisson,PU.",27,2
550755,A1,1,2,"I live in Brazil,PU.",11,3
550755,A1,1,3,"mayWCMy age is 22 yearsMW old,PU.",-1,24
550755,A1,1,4,"I know very little EnglishPU, but I'm eager to learn,PU.",-1,15
550755,A1,1,5,myCMy goal is to get the course in fluency that will help me at work.%%,-1,-1
1147330,A1,1,0,Good evening.,0,1
1147330,A1,1,1,How are you?,0,-1
1147330,A1,1,2,"I'm fine, thanks.",10,-1
1147330,A1,1,3,We're busy.,5,35
1147330,A1,1,4,Good night.,0,1
616684,A1,6,0,"HelloPU, Jane,PU.",-1,15
616684,A1,6,1,howCHow are you?,0,-1
616684,A1,6,2,RS It is a pleasure to have you as the new Finance Manager at Sound and Vision TV.,21,42
616684,A1,6,3,"RS Further to our last telephoneWCtelephonic conversationPU, I would like to invite you to begin MWyour work with us on theD next Monday, August 30th.PU, ButCbut before that I would like to as,D you to come to the company next Friday.",21,-1
616684,A1,6,4,When I will introduce you the office and who you will work withEX to introduce your office and the people you are going to work with.,21,42
616684,A1,6,5,"This appoitmentSPappointment will takeWCbe from 11a.m to 1 p.m, and it will be followed by a lunch with the new team.",24,20
616684,A1,6,6,"RS As you might know Sound and Vision TV is a 30-DAS yearPLyears-DAS old company, that have been awarded for many works and is known in the whole world for its fantastic movies and works.",21,42
616684,A1,6,7,RS It is a pleasure to have you here as our new Finance Manager.,21,42
616684,A1,6,8,"RS Best regards, RS Bruno Patricio",-1,5
920337,A1,4,0,I work with Antonio.,21,-1
920337,A1,4,1,He's from Napoli.,-1,3
920337,A1,4,2,He's forty-one years old.,20,24
920337,A1,4,3,He's tall and has brown heSPair and eyes.,1,4
920337,A1,4,4,He's always busy.,5,35
920337,A1,4,5,GoodbaySPye.,0,-1
930647,A1,2,0,"In the office, there is a kitchen.",19,30
930647,A1,2,1,There isWC and a coffeSPcoffee machine.,-1,-1
930647,A1,2,2,There are aD offices and theD desks.,19,30
930647,A1,2,3,There are four elevators.,19,30
930647,A1,2,4,There are a lot of people and there are a lot of computers and phones.,19,30
930647,A1,2,5,There are a lot of chairs.,19,30
499939,A1,3,0,Minutes Shelly contacts to Alison from Big hat for asking her about their rquirement for next meeting.,21,27
499939,A1,3,1,Alex and his team brainstorm some possible ideas for the advertisement by next wek metting Sam books a 18 tables of Japanease reastrant for office party on end of month,21,-1
471252,A1,5,0,"My name is Carlos tovarCTovar, I am 24 years old,PU.",25,24
471252,A1,5,1,"I am an engineer, I MWwasborn in Monterrey, Mexico.",21,3
471252,A1,5,2,DThe name of my street is San Juan and the name of my colony is Balcones de Sto.,11,2
471252,A1,5,3,"Domingo,PU.",11,15
471252,A1,5,4,there growth during my childhood since actuallyXCI spent all my childhood there.,11,28
969194,A1,6,0,There is a restaurant on theD No# street.,29,38
969194,A1,6,1,The restaurant has so much delicious food.,28,39
969194,A1,6,2,The steak is very great.,28,39
969194,A1,6,3,And the pasta is nice.,28,39
969194,A1,6,4,"I like the vegetable salad and fruit juice,AS because they are very fresh.",28,39
969194,A1,6,5,"I like the dessert RS,AS it isn't too sweet.",28,39
969194,A1,6,6,"And there are some other food, hamburgerPLhamburgers.",28,39
969194,A1,6,7,"PU, sandwichPLsandwiches.PU,  fries.",28,39
969194,A1,6,8,"PU, pizza and rice.",28,39
969194,A1,6,9,There is chineseCChinese food.,28,39
969194,A1,6,10,Perhaps you will like it.,10,16
131480,A1,5,0,"Hello, my CMy name is Nayron.",27,2
131480,A1,5,1,I'm 26 years old.,20,24
131480,A1,5,2,"I'm from Teresina, Brazil but I live in Natal.",11,3
131480,A1,5,3,I'm a business intelligence analyst and I work in a ARthe TI department in a UniversityCuniversity.Bye!,21,42
786676,A1,6,0,"heyCHey my dear, RS I know a good restaurant in down town RS!PU.",28,39
786676,A1,6,1,"itsEXIt's called restaurant city.AS They have really fresh salads and very delicious dessert.AndCO, and itsEXit's not expensive.",28,39
848804,A1,5,0,HIEXHi!PU!,12,15
848804,A1,5,1,"Im Qiujian RS.MWI amAS 30 years old,PU.",21,24
848804,A1,5,2,"MWI come from Guizhou and MWI live in Liupanshui,PU.AS I'm a worker,PU.AS iCI like my job?PU.",21,3
1035386,A1,3,0,"Mexico city is big, an old, has a parckSPpark yDMWand very expensive shops.",-1,37
1035386,A1,3,1,Mexico is a greadSPgreat cityPU.,-1,3
144660,A1,2,0,The code of conduct - abide by the dress code - obey all of the health and safety codes - arrive to work on time - use the smoking area - keep your workspace neat and tidy - don't disclose confidential infomation - don't discriminate against other staff members - don't disturb colleages with loud music,6,14
375555,A1,3,0,hi!,12,1
375555,A1,3,1,My name's Carlos Gil.,27,2
375555,A1,3,2,I'm fifteen years old.,20,24
375555,A1,3,3,"I'm from Margarita, in Venezuela.",11,3
375555,A1,3,4,nice to meet you.,-1,-1
375555,A1,3,5,bye!,2,0
160103,A1,2,0,"Dear Ms Thomas, There are 13 computers and 16 keyboards in the office, Also, there are 30 pens and 15 pencils.",19,-1
160103,A1,2,1,"on the other hand there is a table and there are 16headphones, 12 desks and 14 chairs Best regards & thanks Xiaohua",19,-1
1187904,A1,2,0,"This is my office, there are a few pwopleSPpeople.",19,30
1187904,A1,2,1,"There are two restrooms, there is a kitchen, there are some desks and some chairs.",19,30
949171,A1,1,0,Good evening.,0,1
949171,A1,1,1,How are you?,0,-1
949171,A1,1,2,"I'm fine, thanks.",10,-1
949171,A1,1,3,we'reCWe're busy.,5,35
949171,A1,1,4,goodCGood nigthSPnight.,0,-1
80521,A1,8,0,"Hi,my friends,thanks for your's emall.",12,5
80521,A1,8,1,"This the menu: Main course are rice,vegetables and chikens.",28,39
80521,A1,8,2,Dessert is the cheese and ice cream.,28,39
80521,A1,8,3,Waiting for your coming.,10,16
80521,A1,8,4,See you later.,10,16
1071816,A1,4,0,"Maria is my friend, we work in the same office.",17,-1
1071816,A1,4,1,"She has a Ddark courlyWCcurly dark hair and brown eyes, she's tall and thin.",1,4
872730,A1,5,0,"I usually buy my clothes in small shops, but I like to buyWCshopping in department stores and online stores too.",-1,-1
526128,A1,2,0,"Dear Ms. Thomas, There are 13 computers and 16 keyboards in the office.",19,-1
526128,A1,2,1,"Also, there are 13 pens, there are 15 pencils, there are 12 desks, there are 14 chairs, there are 13 computers, there are 16 keyboards, there are 16 headphones and 1 table.",19,-1
1071414,A1,5,0,"iCI always go to small shoopsSPshops.AS The ClothesCclothes are beatifulSPbeautiful.AS Small shoopsSPshops are always expensive, but there are a lot of sales.AS The sales assistants are always friendly.AS I never shoopSPshop online.AS I never go to big department stores.",-1,-1
282238,A1,6,0,Xiao yun 23 Black and long hair Big and brown eyes I'm tall and slim.I'm happy.,1,4
464727,A1,1,0,"Hello, My name is Nawal.",27,2
464727,A1,1,1,I am saudi.,11,3
464727,A1,1,2,I live in Gizan.I am 30.,11,24
464727,A1,1,3,My phone number is 789 3456.,-1,27
464727,A1,1,4,I study English in EF.,-1,43
113866,A1,6,0,Name: Sergey Gusev Age: 43 Color hair: brown Color eyes: grey Describe youself: I am fat and short.,1,4
113866,A1,6,1,"I have short brown hair, grey eyes and big ears.",1,4
113866,A1,6,2,I am happy.,-1,29
156000,A1,1,0,Hello!,12,1
156000,A1,1,1,How are you!,0,-1
156000,A1,1,2,My name's Jiangang Liu.,-1,2
156000,A1,1,3,I'm 47 years old.,20,24
156000,A1,1,4,Bye!,2,0
156000,A1,1,5,Jiangang Liu.,-1,8
600620,A1,7,0,I really like my jeans.,6,14
600620,A1,7,1,I also like my jacket and t-shirt.,6,14
600620,A1,7,2,I like MWto use my boots and my sneakers.,6,14
600620,A1,7,3,I like my dark green t-shirt and dark red shirt.,6,14
600620,A1,7,4,RS I like my white socks.,6,14
600620,A1,7,5,I use my jeans everyWCall the time time.%%,6,14
1192006,A1,3,0,"Vitria city is small,AS crowded and busy.AS In Downtown MWthere is a lot of shops and restaurants.Vitria is a beautiful city!",30,37
528748,A1,1,0,My name's Renata.,27,2
528748,A1,1,1,Nice to meet you .,-1,-1
528748,A1,1,2,My word is in Japan.,11,3
528748,A1,1,3,Word is factory.,21,42
528748,A1,1,4,I'm 30 old.,20,24
528748,A1,1,5,I'm brazilian.,11,3
412604,A1,1,0,HiPU!,-1,15
412604,A1,1,1,"teacher, my CMy name''s Viviana.How are you?I''m from Brazil, Santa CatarinaPU.,my PSIPSlivecity is DPRinCanoinhas.PScity.I have PSam37 years old, I''m marid SPmarriedandPSI have one childrenSIchild..I love PStostudy englishCEnglish.By, by.WCBye bye.",25,3
1006935,A1,5,0,"I always mall for shopWOshop in the mall , the clothes isWCare  beatifulSPbeautiful.",28,17
1006935,A1,5,1,InD theCThe malSPmall MW is not expensivSPexpensivePU.,21,18
778978,A1,8,0,Hi!,12,1
778978,A1,8,1,"This is the menu...D I intend PRto prepare for dinerWCdinnerMW are as follows,PU: rice, some vegetables with chicken, and toPRfor dessert we will have chocolate cake and ice cream.",28,39
778978,A1,8,2,I hope you like.,10,16
778978,A1,8,3,RS See you soon.PU!,10,16
843093,A1,1,0,Good evening.,0,1
843093,A1,1,1,How are you?,0,-1
843093,A1,1,2,RS I'm fine!,10,-1
843093,A1,1,3,Thanks.,-1,5
843093,A1,1,4,We're busy.,5,35
843093,A1,1,5,Good night.,0,1
559783,A1,5,0,"Hi,AS I'm wupingSPwiping,AS I'm thirty-seven,AS I'm from ChiaSPChina.AS I live in China RS.AS I'm a senior agronomist.",25,3
559783,A1,5,1,lCL like my job because it's very interesting.,21,-1
978252,A1,4,0,"I have a friend, Julian.",17,-1
978252,A1,4,1,"HisWCHe's tall, he has long and brown hair, and also has brown eyes.",1,4
978252,A1,4,2,"He's beutifulSPbeautiful, and funny.",21,-1
978252,A1,4,3,He's always smiling.,-1,29
978252,A1,4,4,Sometimes he's lazy and sometimes he's hardworking.,21,36
978252,A1,4,5,I like him.,21,-1
507288,A1,1,0,theater office actor football spain,-1,8
455457,A1,3,0,Hi!,12,1
455457,A1,3,1,Nice to meet you too.,-1,-1
455457,A1,3,2,My name's Gerlando.,27,2
455457,A1,3,3,I'm Thirty-six years old.,20,24
455457,A1,3,4,"I'm from Fortaleza, in Brazil.",11,3
455457,A1,3,5,"But, I'm live in Campinas, Brazil.",11,3
455457,A1,3,6,See you!,10,16
932541,A1,2,0,"inPRAt mayPOmy work, therSPthere are some offices, there areD a lot of meeting rooms, there areD some restrooms, there areD a lot of desks and chairs, MWand a few windowPLwindows.",19,30
203259,A1,7,0,This light pink jacket is forty-five.,6,17
203259,A1,7,1,This dark orange dress is thirty.,6,17
203259,A1,7,2,This dark pink pant is fifteen.,6,17
203259,A1,7,3,This black dress is forty.,6,17
203259,A1,7,4,These shirts are sixty.,6,17
203259,A1,7,5,These skirts are twenty.,6,17
203259,A1,7,6,These bags are fifty.,6,17
203259,A1,7,7,These light blue shoes are one hundred.,6,17
203259,A1,7,8,These dark grey pants are twenty-five.,6,17
203259,A1,7,9,This light grey pant is thirty-three.,6,17
203259,A1,7,10,These belts are ten.,6,17
203259,A1,7,11,These collars are eleven.,6,17
853586,A1,2,0,"In the office, there are a lot of computers.",19,30
853586,A1,2,1,There are some keyboardPLkeyboards with mouse and desks.,19,30
853586,A1,2,2,"There are a lot of plants,WC and some chairs.",-1,37
853586,A1,2,3,RS There is a hallwayPU.,9,30
430974,A1,2,0,"Dear Ms Thomas I have the inventory There are 30 pens and 15 pencils, also there are 12 desks and there are 14 chairs.",19,-1
430974,A1,2,1,"We have other things, there are 13 computers, 16 keyboard and there are 16 headphones.",19,-1
430974,A1,2,2,Finally there is one table.,19,30
430974,A1,2,3,"If you have any question, please send me a email.",21,27
430974,A1,2,4,Monica,26,8
149352,A1,1,0,"Goodmorning, my name's Fabio Bellotta.",27,2
149352,A1,1,1,I'm living in Italy.,11,3
149352,A1,1,2,I've need to learn English language very well; but i don't have much time to dedicate the study in the classroom; so i've decide to buy this course on line.,-1,-1
149352,A1,1,3,I hope I haven't made many errors.,10,35
685583,A1,2,0,"Dear Miss susicCSusic: There are 13 computers RS,AS 16 keyboards and headphones in our office.AS Also,AS there are 12 desks and one table.",19,-1
685583,A1,2,1,There are 30 pens and 15 pencils.,19,-1
536955,A1,7,0,I like my blue shirt and white shirt.,6,14
536955,A1,7,1,I like jeans and t-shirt.,6,14
536955,A1,7,2,"I like white socks, blue and white t- shirts.",6,14
536955,A1,7,3,I like really blue wear and black shoes.,6,14
1041587,A1,3,0,"I'm from inner Mongolia,AS iCI live in a small city.",-1,3
1041587,A1,3,1,It's a quiet place.,-1,-1
1041587,A1,3,2,The weather is cold.,3,26
1041587,A1,3,3,We always can see the blue sky.,-1,-1
1041587,A1,3,4,There are railways near my house.AS I like the city.,30,38
787634,A2,9,0,My name is Flvia.AS I live in Brazil.,25,3
787634,A2,9,1,My day is very good.,-1,-1
787634,A2,9,2,I get up at 9 in the morning.,24,21
787634,A2,9,3,I check MWmy emails.,21,27
787634,A2,9,4,I have lunchaSPlunch at noon.,24,20
557762,A2,13,0,Welcome to my house.,-1,30
557762,A2,13,1,It is MWin Zhengzhou city.AS It MWis located in Central Henan prov.,11,3
557762,A2,13,2,"It has a population of 6,000,000.",16,-1
557762,A2,13,3,"Its land area is 58,632 square kilometres.AS There are many things near my house.AS Opposite my house is a good department store.%% There is a library on the Tongbai Road.",-1,38
557762,A2,13,4,"Best wishes.PU,",-1,5
225514,A2,9,0,"Hi, my name's Tanya.",27,2
225514,A2,9,1,My favorite day is Sunday.,-1,12
225514,A2,9,2,"On Sunday, I get up at 8 o'clock, have a shower and brush my teeth.",24,13
225514,A2,9,3,Then I make a breakfast and eat with my family.,24,-1
225514,A2,9,4,In the morning I walk with my son.,4,9
225514,A2,9,5,I have lunch at 1 o'clock in the afternoon.,24,20
225514,A2,9,6,Then I sleep in the afternoon.,24,-1
225514,A2,9,7,In the evening I go to theatere or have a dinner in the restaurant with my friends.,24,19
225514,A2,9,8,I love Sunday!,-1,12
937302,A2,11,0,"Cool and pleasant Lanzhou,AS China In Lanzhou, summer is from June to August.",3,26
937302,A2,11,1,"In summer, Lanzhou is cool, windy and sunny.",3,26
937302,A2,11,2,"We usually wear t-shirts, shorts, pants and summer dresses.",6,14
937302,A2,11,3,"At night, we sometimes wear a thin jacket.",13,19
937302,A2,11,4,"Lanzhou is famous for fruits, and there are many species MWof fruit in summer.%%",3,26
88478,A2,13,0,"Hi John.My city is very beautiful, by day and by night.Where I live you can see a lot of shoopsSPshops.If you are hungry, you will Dcan go in PRtosome good restaurants on Frizzoni Street.See you soon.A big hug.Simone.",30,37
191812,A2,10,0,Hi all!,12,1
191812,A2,10,1,"I'm 25 years old on Sunday, March 18th and I'm having a party.",8,32
191812,A2,10,2,"Let's eat, drink, dance and sing.",13,22
191812,A2,10,3,My party is in &quot;Bread of life&quot; restaurant and starts at 7 o'clock.,8,21
191812,A2,10,4,Hope you can come and enjoy!,10,16
191812,A2,10,5,Ly,-1,8
391446,A2,10,0,"Marisol INVITESCinvites YOUCyou TOCto HERCher BIRTHDAY Cbirthday PARTYCparty.Hi!PU,I'm 43 on sundayCSunday.",8,32
391446,A2,10,1,I'm having a party at my house's momWOmom's house.,8,32
391446,A2,10,2,"Let's eat cake, pizza, dance and sing songs.",13,22
391446,A2,10,3,The party starts at 6:30.Hope you can come!Marisol,8,32
588139,A2,10,0,"helloCHello my friend, you CYou should watch tv PUTV or sleep,AS play games RS or surf the internetC Internet.",24,19
588139,A2,10,1,"i'm CI'm sorry, and MWhave a good vacation!MW Bye, Your name",-1,35
734147,A2,9,0,"Hi, my name''s is Marcos.",27,2
734147,A2,9,1,"I am from Brazil and, presently, live in Londrina, Paran.",11,3
734147,A2,9,2,I'm thirty-five.,20,24
734147,A2,9,3,I'm ARa lawyer and work in aARan office.,21,42
734147,A2,9,4,My favorite day is Sunday.,-1,12
734147,A2,9,5,"I get up at 08:00 o'clock in the morning, have a shower and brush my teeth.%% After that, have breakfast and play soccer with my kids.",24,13
734147,A2,9,6,I have lunch at 12:30.,24,20
734147,A2,9,7,"In the afternoon, I go to the movies with my family (daughters, son, wife and me).",24,19
734147,A2,9,8,"In the evening, I usually go to a restaurant to have dinner with them.",24,19
734147,A2,9,9,"RS At night, I watch TV and go to bed.",24,19
734147,A2,9,10,"RSBest regards, Marcos Luz",9,5
247423,A2,13,0,"inCIn my city giveXCyou will find a football stadionSPstadium, a musseumSPmuseum, a train stadionSPstation MWand many deparmentSPdepartment stores,PU.",30,37
381475,A2,11,0,"In Bahia, Brazil, usuallyMWit is sunny and hot.We usually wear shorts and T-shirts.We play soccer on the beach and swim in the sea.",11,26
381475,A2,11,1,"At night, we dance.",13,19
381475,A2,11,2,"June, July and August are cool, Dand sometimes rainy.",3,26
568021,A2,9,0,"HiPU, myCMy name's MarcosPU.",27,15
568021,A2,9,1,RSAS My favorite day is Sunday.,-1,12
568021,A2,9,2,"I get up at ten o PU'clock in the morning,PU.",24,21
568021,A2,9,3,"I have a shower and MWI brush my teeth,PU.",22,13
568021,A2,9,4,"RS I HaveChave breakfast at eleven o'clock,PU.",24,21
568021,A2,9,5,I watch tvEXTV PRin  the afternoon and play computer games.%% I study and sleep at night.,24,19
113657,A2,15,0,My name is Fatima.,27,2
113657,A2,15,1,I like reading and cooking.,-1,22
113657,A2,15,2,I can play tennis and soccer.,7,23
113657,A2,15,3,I can't sing.,13,22
113657,A2,15,4,I like ridding bike.,7,23
113657,A2,15,5,My favorite band is Titan Band.,13,22
459303,A2,13,0,"In my town PU, there is a park and museum.",30,37
459303,A2,13,1,The park is opposite the train station .,29,38
459303,A2,13,2,A department is on whiteCWhite street CStreet and next to  Dthe subway station.,-1,38
992523,A2,13,0,myCMy neighborhood is big end busyPU.,-1,38
992523,A2,13,1,there's CThere'san AR a mexicas SPMexican restaurant across the street.,28,38
992523,A2,13,2,there's CThere's a library and a big department store.,28,-1
992523,A2,13,3,thereCThere are a lot of good shops and restaurants.AS thereCThere's a coffee shop and a good pizza place.,28,-1
992523,A2,13,4,my CMy favorite place is the park.,30,37
992523,A2,13,5,itCIt's on PRat the corner of Elm street and first street.,29,38
992523,A2,13,6,iCI go there every weekend,-1,-1
785450,A2,12,0,My name is Wendy.,27,2
785450,A2,12,1,I'm in pretty good shape.,10,-1
785450,A2,12,2,I love exercising.,7,23
785450,A2,12,3,"I go walking every morning, and I do yoga two or three times a week.",7,9
785450,A2,12,4,I eat healthy food.,24,39
785450,A2,12,5,"On the weekend, I go PRon a picnic with my family.",24,11
785450,A2,12,6,WeMW have a  lovely time together.,10,31
186485,A2,16,0,My names Michelle.,27,2
186485,A2,16,1,Im from Taiwan.,25,3
186485,A2,16,2,"I speak ChinesePU, and DEnglish and Japanese.",-1,3
186485,A2,16,3,I have a sister and a brother.,20,25
186485,A2,16,4,Do you have brothers or sisters?,20,25
186485,A2,16,5,My favorite food is rice.,28,39
186485,A2,16,6,I like Chinese food.,28,39
186485,A2,16,7,What foods dontWCdo you like eating?,28,39
170600,A2,12,0,The white shirt 30.00 dollar.,6,17
170600,A2,12,1,The blue shirt 30.00 dollar.,6,17
170600,A2,12,2,The sneahers 79.00 dollar.,6,17
170600,A2,12,3,The black shoes 59.00 dollar.,6,17
170600,A2,12,4,The pink sweater 69.00 dollar.,6,17
170600,A2,12,5,The belt 29.00 dollar.,6,17
170600,A2,12,6,The brown pants 39.99 dollar.,6,17
233300,A2,16,0,H!,12,8
233300,A2,16,1,My names Faris.,27,2
233300,A2,16,2,Im from Yemen.,11,3
233300,A2,16,3,I speak Arabic and English.,-1,3
233300,A2,16,4,I have a sister.,20,25
233300,A2,16,5,Her names Fatima.,26,2
233300,A2,16,6,She studies at university.,21,43
233300,A2,16,7,Do you have brothers or sisters?,20,25
233300,A2,16,8,My favorite food is pasta.,28,39
233300,A2,16,9,"I like Chinese food, too.",28,39
233300,A2,16,10,What foods dont you like eating?,28,-1
233300,A2,16,11,I love to watch football.,7,23
233300,A2,16,12,I play football in the park every Saturday.,7,19
233300,A2,16,13,Faris,26,8
581378,A2,9,0,Introduction: Concerning the Sales Figures of the 'Manbag' in Asia and South AmericaPU.,6,-1
581378,A2,9,1,thisCThis report summarizes MWthe results of a survey conducted at two marketplaces.,21,27
581378,A2,9,2,"Methodology: 1000 persons were interviewed in Rio de Janeiro and Shanghai, respectively.",11,3
581378,A2,9,3,All demographics were covered.,-1,-1
581378,A2,9,4,Responses to the 'man-bagSPManbag' was requested.,6,-1
581378,A2,9,5,"Findings: 65 % in Rio and 20 % in Shanghai would not buy due to several reasons (design, size, color).",-1,-1
581378,A2,9,6,"The 20 % in Rio and 40% in Shanghai, who would buy did not express enthusiasm, just satisfaction.",-1,-1
581378,A2,9,7,"Conclusions: Before launching the product, not enough market research had been carried butWCout.",21,41
581378,A2,9,8,"Although the idea was good, the execution was not satisfying.",-1,-1
581378,A2,9,9,The diversity of styles and tastSPtastes in different parts of the world was not recognized.,6,23
581378,A2,9,10,Recommendations: Research should be carried out to find out what men need in an accessory.,6,-1
581378,A2,9,11,"The design of the menbagSP Manbag should be more sporty, it should be bigger and of strong primary colors and the material should be leather.",6,14
581378,A2,9,12,It should be taken care that the changes are also acceptable for the Asian market.,-1,-1
942803,A2,12,0,My name is Mary.,27,2
942803,A2,12,1,I'm in pretty good shape.,10,-1
942803,A2,12,2,I love exercising.,7,23
942803,A2,12,3,"I go to the gym two or three times a week, and I go running every morning.",7,9
942803,A2,12,4,I eat healthy food.,24,39
942803,A2,12,5,I walk in the park once or twice a week.,7,9
560674,A2,9,0,My name's Melissa.,27,2
560674,A2,9,1,I live in Rome.,11,3
560674,A2,9,2,I get up at 7 in the moriningSPmorning.,24,21
560674,A2,9,3,I take the bus to school every moriningSPmorning.,-1,21
560674,A2,9,4,I CO and get to school at 8.,24,21
560674,A2,9,5,I usually go home at 2 or 3 in the afternoon.,24,21
560674,A2,9,6,RS I usually have the lunch at 3:30 or 4 o'clock.,24,20
353346,A2,14,0,"Hi Cathrine,Sorry, I'm busy.",5,35
353346,A2,14,1,"Right now I'm learning englishSPEnglish, eating and listening to music.",-1,22
353346,A2,14,2,After I need to cleaning my flat.,22,13
1040607,A2,12,0,My name is Lucy.AS I love exercising.AS I do yoga and play volleyball.,27,2
1040607,A2,12,1,I like fuites SPfruits and vegetables.,28,39
1040607,A2,12,2,"I running WCrun everymoring.Because SPevery morning, because the weather DpollutationSPpollution is very terrible,AS SO SPso I go to gym twice or three times in a week.",7,9
1040607,A2,12,3,But I like coffee.AS I drink two cups of coffee everyday.AS I hope it would not take WCbe harmful for my health.,28,-1
579544,A2,11,0,"ICI live in So Paulo, Brazil.",-1,3
579544,A2,11,1,So Paulo in the summer is hot and rainy.,11,26
579544,A2,11,2,"I usually go to theD shopping and go to ARthe park with my friends,NS.",-1,19
579544,A2,11,3,atCAt night I dance.,13,-1
579544,A2,11,4,"RS I wear shorts, T-shirts and dresses.",6,14
579544,A2,11,5,RS Summer is my favorite season!%%,3,26
836092,A2,11,0,"There are few sportsMW which are popular in my country,PU.",7,23
836092,A2,11,1,"Most people  RSplaying WCplay soccer,PU.",7,23
836092,A2,11,2,"Few people ride WCgo cycling, some people like running, some people enjoy watching soccer,PU.",7,23
836092,A2,11,3,"In the summerPU, many people enjoy going to the beach, but not many people like sport.WCsports.",7,-1
335917,A2,14,0,Hi Richard.,12,1
335917,A2,14,1,"Sorry, I'm busy.",5,35
335917,A2,14,2,I'm not at the moment in my house because I designing the plans for the house of my customer in Los Angeles.,-1,-1
335917,A2,14,3,Do you remember it?.,-1,8
335917,A2,14,4,I told you last week about it.,10,16
335917,A2,14,5,I call you.,10,16
129819,A2,15,0,Hi!,12,1
129819,A2,15,1,"I'm Lilian from Brazil, I live in So Paulo.",11,3
129819,A2,15,2,I can cook very well.,13,22
129819,A2,15,3,I like swiming and singing.,7,22
129819,A2,15,4,"I can speak two languages, Portuguese and English.",-1,3
129819,A2,15,5,"I like to travel, I know USA and Argentina.",31,37
991690,A2,9,0,My name is April.,27,2
991690,A2,9,1,I live in Taipei.,25,3
991690,A2,9,2,I have ARa busy day.,5,35
991690,A2,9,3,I get up at 7 in the morning.,24,21
991690,A2,9,4,I take a Metro to work every day and get to work at 8.,24,21
991690,A2,9,5,I don't have a lot of meetings or presentations.,21,27
991690,A2,9,6,I usually meet my client at my office.,21,42
991690,A2,9,7,"After work, I take aARan aerobic exercise to improve my health and keep my fitnessPU.nbsp;thenCThen I go home at 6 and pick up my children at 7 in the evening.",7,9
873284,A2,9,0,My name is Antonia.,27,2
873284,A2,9,1,I live in Brasilia.,11,3
873284,A2,9,2,I get up PRat 7 in the morning.,24,21
873284,A2,9,3,I drive a car to work.,5,-1
873284,A2,9,4,I get to work at 8.,24,21
873284,A2,9,5,I usually have lunch at noon.,24,20
873284,A2,9,6,I usually go home at 6.,24,21
658916,A2,9,0,hiCHi!,12,1
658916,A2,9,1,RS My name's Su guoCGuo taoCTao.,-1,2
658916,A2,9,2,iWCMy favorite day is weekend DsundayCSunday.,-1,12
658916,A2,9,3,RS iD onCOn sundaySPSunday iCI at 8 o'clock get up iCI eat breakfast at 8:AS 30 in the morning iCI play computer games or meet frindsSPfriends.AS iCI have lunch at 12 o'clock in the afternoon iCI go to ARthe swimming pool swimming or MWI go shopping shop look lookD.%% iCI have dinner at 7 o'clock in night iCI watch tvSPTV.,24,19
658916,A2,9,4,atCAt 10 o'clock iCI go to bed sleep.,24,-1
741576,A2,16,0,"Hi,PU!",12,15
741576,A2,16,1,my name is Yan.,27,2
741576,A2,16,2,"I'm from Wuhan, China.",25,3
741576,A2,16,3,"There are four people in my family.PU; MyCmy father, mother, EXand an elder sister.",20,25
741576,A2,16,4,"We all like rice, but I don't like hot food.",28,39
741576,A2,16,5,"In my hometownPU, everyone likes hot food.%%",28,-1
912004,A2,11,0,"In BrazilPU, is very popular soccerWOsoccer is very popular,PU.",7,23
912004,A2,11,1,someCSome braziliansCBrazilians love watching and playing soccer.,7,23
30528,A2,9,0,"Hi ,My name's nancy.",27,2
30528,A2,9,1,I'm a teacher.,21,43
30528,A2,9,2,I work in a school.,21,43
30528,A2,9,3,My favorite is sunday.,-1,12
30528,A2,9,4,I get up at 8 o'clock in the moring on sunday.,24,21
30528,A2,9,5,"I have a shower, brush my teeth.",22,13
30528,A2,9,6,I have luch at twelve o'clock.,24,20
30528,A2,9,7,"In the afternoon, I play computer game.",24,19
30528,A2,9,8,"In the evening, I wathch TV, I go to bed at eleven o'clock.",24,-1
30528,A2,9,9,I love sunday.,-1,12
30528,A2,9,10,What day do you like?,-1,12
867870,A2,11,0,Most people in Germany love watching or playing soccer.,7,23
867870,A2,11,1,Handball is the 2nd MWmost popular sport.,7,23
867870,A2,11,2,It's my personal favoritSPfavorite.,-1,-1
867870,A2,11,3,"In my region, a lot of people like riding mountainbike.SPmountain bikes.",7,23
525770,A2,9,0,"Hi, my name's Anderson.",27,2
525770,A2,9,1,I'm a programmer.I love Saturdays.,-1,12
525770,A2,9,2,I get up at 8 o'clock in the morning and go to ARthemall.,24,21
525770,A2,9,3,"TherePU, I have lunch, watchARa movie, make XCdo someshopping and MWgoback toD home in the afternoon.And you, what day do you like?",-1,20
1196870,A2,9,0,My name is Fbio.,27,2
1196870,A2,9,1,I live in Braslia.,11,3
1196870,A2,9,2,My day is very busy.,5,35
1196870,A2,9,3,I get up at 7 o''clock.,24,21
1196870,A2,9,4,I go to work by car at 9:30 am.,24,21
1196870,A2,9,5,I check my e-mails every day.,21,27
1196870,A2,9,6,Sometimes iCI have AR a meeting.,-1,27
1196870,A2,9,7,I have lunch at 13 pm.,24,20
1196870,A2,9,8,I neveSPnever make apresentationSPa presentation  at my work.,21,42
1196870,A2,9,9,I go to home at 18 pm.,24,21
1196870,A2,9,10,RS,9,8
26314,A2,11,0,"In Sao Paulo, Brazil, spring starts in setember spring is sunny and warm.",11,26
26314,A2,11,1,"From setember to december, we wear usually: shirts, skirts, and summer dress.",6,14
26314,A2,11,2,We play to park and pavilho of the biennal.,-1,19
26314,A2,11,3,"At night, eating the traditional pizza.",24,19
1047100,A2,10,0,The wetherSPweather it''s toWCis very bad.,3,39
1047100,A2,10,1,It''s cloudy and windy!,3,26
1047100,A2,10,2,"You shouldntSPshould not go to the beach,PU.",31,-1
1047100,A2,10,3,"But YouCyou should go toWCand eat seafood in a good restaurant, or you should go to aARan aquarium.",-1,-1
1047100,A2,10,4,"What about goVTgoing to the RS artesaniasSPartesian market,PU.",9,37
1047100,A2,10,5,The artesaniasSPartesian likes you!,9,-1
1047100,A2,10,6,Or RS YouCyou should RS go to a museumPU.,-1,-1
1122716,A2,10,0,Hi dear Hanna.,12,1
1122716,A2,10,1,Iquot;mPUI'm sorry about the weather.,3,35
1122716,A2,10,2,"But, doWCdon't cry!",-1,-1
1122716,A2,10,3,You should go to the movie or go to restaurant.,-1,-1
1122716,A2,10,4,What about it?,10,8
1122716,A2,10,5,Enjoy your vacationsSIvacation!,-1,31
625305,A2,12,0,My husband is in terrible shape.,10,35
625305,A2,12,1,He hates exercising.,7,23
625305,A2,12,2,But he loves pizza and doesn't like to eat healthy food.,28,39
625305,A2,12,3,He always takes a nap after lunch.,23,-1
625305,A2,12,4,"He should start walking twice or three times a week, but he doesn't wantPR to.",4,9
625305,A2,12,5,This is very very bad.,10,39
139028,A2,10,0,Hi!,12,1
139028,A2,10,1,It's my birthday next saturday (September 10th) and I'm having a party of my thirteen years old.,8,32
139028,A2,10,2,"We can dance, sing, eat and more!",13,22
139028,A2,10,3,Hope you can come!,10,16
139028,A2,10,4,Gabriel.,26,8
341463,A2,9,0,"Hi, my name is Carolina.",27,2
341463,A2,9,1,My favorite day is saturday.,-1,12
341463,A2,9,2,I get up at 8 o''clock.,24,21
341463,A2,9,3,I have breakfast at 8:30.,24,21
341463,A2,9,4,I go to the market at 9 o''clock.,24,-1
341463,A2,9,5,I have lunch at 12:30.,24,20
341463,A2,9,6,I see movies in the afternoon.,24,19
341463,A2,9,7,I have dinner at 7:30.,24,20
341463,A2,9,8,I watch tv in the night.,24,19
341463,A2,9,9,I go to bed at 10 o''clock.,24,-1
812739,A2,9,0,My name is FAbricio.,27,2
812739,A2,9,1,I live in Florianpolis.,11,3
812739,A2,9,2,iCI get up at 9 in tehSPthe mornigSPmorning.,24,21
812739,A2,9,3,IAS get check emails at 10.,21,19
812739,A2,9,4,I usualySPusually launchSPlunch at 2 pm o'clock.,24,-1
812739,A2,9,5,I AGam usualySPusually home at 8 or 10 in the everingSPevening.,24,21
127044,A2,9,0,"Hi, my favourite day is Sanday.",-1,12
127044,A2,9,1,"I get up at 8 o'clock, at 8:15 I have a breakfast, at 9:30 I read a newspapers.",24,21
127044,A2,9,2,I have lunch at 12 o'clock.,24,20
127044,A2,9,3,In the afternoon I sleep!,24,-1
127044,A2,9,4,What do you do on Sunday?,-1,12
730353,A2,11,0,"Most people in my country love waching football, basketball and baseball.",7,23
730353,A2,11,1,Not many people like watching soccer.,7,23
730353,A2,11,2,"In theD winter , many people goPR for ice skating and skiing.",3,26
730353,A2,11,3,"In theD summer, people like playing tennis, volleyallSPvolleyball and golf.",7,-1
730353,A2,11,4,"HavingMWGoing for a picnic, going on hikes and swimming are veryMWalso loved by the people,PU.",-1,-1
730353,A2,11,5,tooD myCMy sister likes doing yoga!,7,8
570893,A2,10,0,"Hi, It's my birthday on Saturday.",8,32
570893,A2,10,1,RS Let's celebrate!,8,31
570893,A2,10,2,I'd like to invite you to my party.,8,32
570893,A2,10,3,"It starts at 7 o'clock, at my house.",24,-1
570893,A2,10,4,Let's eat pizza and drink!,13,39
570893,A2,10,5,Hope you can come.,10,16
570893,A2,10,6,Magali,26,8
375266,A2,15,0,"Hi, My name is Simone.",27,2
375266,A2,15,1,I'm from Brazil.,11,3
375266,A2,15,2,I can dance and sing.,13,22
375266,A2,15,3,I don't like doing sports.,7,23
375266,A2,15,4,I can speak English and Portuguese.,-1,3
375266,A2,15,5,I like to read.,-1,-1
388298,A2,12,0,Hi!,12,1
388298,A2,12,1,"Here are the items that I found at store: Shoes: $79.00 Shirt: $30.00 Shoes: $59.00 Sweter: 69.00 Belt: $29.99 Pants: $39.99 Please, confirm your choices.",6,17
388298,A2,12,2,Regards,-1,5
593029,A2,13,0,"welcomeCWelcome friends inPRto my ctySPcityPU, there is a musionSPmuseumPU, there is a supermaketSPsupermarket,AS there is a train stationPU.",-1,-1
684383,A2,11,0,"Wecome SPWelcome to GuangDong,AS in Guang DongPU, it's hot in spring,AS summer and autumn.PU, but always rainy.AS In winterMW it is warm,AS it's never cold and snowy.",3,26
522524,A2,10,0,Hello guys!,12,1
522524,A2,10,1,I'm 28 years old on Sunday.,20,24
522524,A2,10,2,I'm having a party.,8,32
522524,A2,10,3,"On my birthday, I like to eat out with my friends and my family.",8,32
522524,A2,10,4,The party is at restaurant Vikings.,8,32
522524,A2,10,5,It starts at 8o'clock.,24,-1
522524,A2,10,6,Hope you can come.,10,16
623976,A2,10,0,Alejandro InvitesCinvites you to his birthday partyPU.,8,32
623976,A2,10,1,"I'll be 23 yearPLyears old on Monday, March 26, and I'm having a party.",8,32
623976,A2,10,2,"RSOn my birthday, I like to have a pool party, listen to music and play pool games.%% The party is at my beach house.",8,32
623976,A2,10,3,It stars at 8 o'clok.,24,-1
623976,A2,10,4,RSI Hope you can come!,10,16
1155635,A2,13,0,My city is big and busy.,-1,-1
1155635,A2,13,1,There's an Indian restaurant across the street.,28,38
1155635,A2,13,2,There's a library and a big department store.,28,38
1155635,A2,13,3,There are a lot of good shops and restaurants.,28,-1
1155635,A2,13,4,There's a coffee shop and a good pizza place is PRin the park.,29,39
1155635,A2,13,5,It's on PRat the corner of ELM Street and First Street.,29,38
1155635,A2,13,6,I go there every weekend.,30,-1
969100,A2,14,0,"I live in a small neighborhood RS.AS My apartment is very new RS,AS but a little small.AS The living room is pretty big and has a lot of light.AS We have a big TV and really comfortable sofa.",-1,38
969100,A2,14,1,"There are three bedrooms,AS but they are small.AS The kitchen is mordenSPmodern RS,PU; it has a microwave and a dishwasher.",-1,30
600625,A2,12,0,"Hi my friend, how are you?",0,-1
600625,A2,12,1,RS I'm fine.,10,-1
600625,A2,12,2,"RS This catalog online has brown shoes, jeans, T-shirt, blue belt, country belt, boy shorts, girl skirt, red pants, yellow pants, big hat for woman, gloves, jackets, sunglasses and bags.",6,14
600625,A2,12,3,RS Bye!%%,2,0
622558,A2,9,0,I amD get up PRat 9:00 o clockSPo'clock.,24,21
622558,A2,9,1,I go to work isPRat 10:00 o clockSPo'clock.,24,21
622558,A2,9,2,I have lunch isPRat 13:00 o clockSPo'clock.,24,20
349478,A2,9,0,"Hello, My name's Abdalsamd.",27,2
349478,A2,9,1,I'm 27 years old.,20,24
349478,A2,9,2,I'm from and I LiveClive in saudiCSaudi Arabia.,11,3
349478,A2,9,3,I'm an ElectricalCelectrical EngineerCengineer.My favourite day is ThursdySPThursday.,-1,12
349478,A2,9,4,"On ThursdayPU, I get up at 10 o'clock.",24,21
349478,A2,9,5,I have coffee and TeaCtea.,28,39
349478,A2,9,6,"I have lunch, ARasalad usually, at 1:30 o'clockXCin the afternoon.ISWord Limit In the afternoon, I go to My Father.",24,20
349478,A2,9,7,"At 6 o'clock in the evening, I meet friends.",-1,19
349478,A2,9,8,"I have dinner in a restaurant.Abdalsamd,",24,19
436762,A2,15,0,"Hello, I'm Marcos, I come from Mexico, I can speak two languages, Spanish and English, I can cook but I can't dance.",13,3
843779,A2,11,0,Most people in my country love playing or watching soccer.,7,23
843779,A2,11,1,A lot of people like playing volleyball and swimming.,7,23
843779,A2,11,2,"In the winterPU, go Dskiing is very popular.",3,26
843779,A2,11,3,Many people like parties and shopping.,8,11
843779,A2,11,4,Few people playingEXwill play americanCAmerican football and baseball is virtually unknown.,7,23
888535,A2,9,0,My name is Maria Cntia.,27,2
888535,A2,9,1,I am ARa teacher.,21,43
888535,A2,9,2,My studendsSPstudents are children.,21,-1
888535,A2,9,3,I get up at six o'clock in the morning toMW go to work.,24,21
888535,A2,9,4,"The children are friendly, but my day is very busy.",5,35
888535,A2,9,5,I usually have lunch at 1 o''clock.,24,20
888535,A2,9,6,I have two children.,20,25
888535,A2,9,7,HisWCTheir names are Davi and Julia.,26,2
888535,A2,9,8,They get up at five o'clock in the morning every day.,24,21
567819,A2,10,0,"MWDear Friend, You should watch ARa movie eating popcorn, invite your friends!",8,19
567819,A2,10,1,"Or maybePU, read a book, it is a great idea.",24,-1
615434,A2,15,0,"My name is Kaylin,AS I can MWplay drums,AS guitar and piano.AS I speak two languages:AS englishSPEnglish and chineseSPChinese.",25,3
418169,A2,15,0,My name is Almir.,27,2
418169,A2,15,1,"I'm Brasilian and I live in Campinas, Brazil.",11,3
418169,A2,15,2,I like watch TV.,24,19
418169,A2,15,3,"I can't cook, but I can eating.",13,22
418169,A2,15,4,My favorite sport is football.,7,23
418169,A2,15,5,I love playing football.,7,23
418169,A2,15,6,I can't speak English.,-1,22
689533,A2,13,0,I don't like my neighborhood.,-1,23
689533,A2,13,1,"It's very poor, the people are ugly.",16,18
689533,A2,13,2,I don't have friends in my neighborhood because I don't like ofD the people.,-1,23
689533,A2,13,3,"My house is very big, different ofPRfrom the other houses.",-1,30
415890,A2,15,0,My name is Marek and I come from Germany.,11,2
415890,A2,15,1,I like riding a bike and playing football.,7,23
415890,A2,15,2,I can cook but I can't dance.,13,22
415890,A2,15,3,I can speak German.,-1,3
415890,A2,15,4,I can also speak a little bit English and Russian.,-1,3
415890,A2,15,5,But English is a bit better.,-1,-1
620150,A2,16,0,Hi!,12,1
620150,A2,16,1,My name's Angel.,27,2
620150,A2,16,2,I'm from Mexico.,11,3
620150,A2,16,3,I'm a teacher.,21,43
620150,A2,16,4,I have a son and a daughter.,20,25
620150,A2,16,5,My son's name is Adrian.,27,2
620150,A2,16,6,SheWCHe is a student of kindergardenSPkindergarten.,21,43
620150,A2,16,7,My daughter's name is Abril.%% She is a little baby.,27,2
620150,A2,16,8,She is 1 year old.,20,24
620150,A2,16,9,I like MWto eat Chinnese food and I love the spicy food.,28,39
965106,A2,13,0,My neighborhood is not big.,-1,38
965106,A2,13,1,"There's a post office, across the street there's a good restaurant.",28,38
965106,A2,13,2,Next to the restaurant there's a pizza place on the corner of Pushkinskaya street and Krupskaya street.,29,38
965106,A2,13,3,Across the street byPRfrom ARthe pizza place there's a Park.,29,38
965106,A2,13,4,It's my favorite place.,30,37
828189,A2,10,0,"Hi My friend; Here, it'sWCthe  weather MWis good.",3,-1
828189,A2,10,1,"RS How it'sWCis the weather therePU, is MWit bad,PU?",3,26
828189,A2,10,2,youCYou should go to the movies or go to ARthe theatherSPtheater.,24,-1
828189,A2,10,3,"You should go to the restaurant MWfor italianSPItalian food, your favorite MWto eat.",28,39
549643,A2,13,0,My neighborhood is nice.,-1,38
549643,A2,13,1,"HereWCIt has a lot of stores, banks, supermarkets and pharmacies.",28,38
549643,A2,13,2,"Across the streetPU, hasWCthere is a bakery.",28,38
549643,A2,13,3,It's near my house.,29,38
549643,A2,13,4,On the corner there is a music school.,13,38
549643,A2,13,5,It's in next to my house.,29,38
549643,A2,13,6,The bakery is in front of a park.,-1,-1
549643,A2,13,7,"I'd like my neighbordhoodSPneighborhood PRto be more calm, because near here hasWCis a samba school.",-1,38
687488,A2,9,0,My name is Vitor.AS I LiveClive in Brazil.AS My day is good.AS I get up at 7:00 in the morning.AS I  up in the grandmotherWCwake up my grandmother.AS I getVTgo to schoolPU.,25,3
363790,A2,13,0,"Welcome inPRto my house!There are many things nextWCnear my house.Next to my housePU, there is my market.There are many restaurants on Brandao Veras Street.Next to the restaurantsPU, there is a swimming pool.SeeWCBye!",29,38
363790,A2,13,1,!,12,8
1160770,A2,11,0,Most people like watching soccer in my country.,7,23
1160770,A2,11,1,Soccer is a very popular sportsSIsport.,7,23
1160770,A2,11,2,"In summer, people enjoy going surfing.",7,26
1160770,A2,11,3,Few people hate playing chess.,7,23
1160770,A2,11,4,Some people enjoy parties.,8,-1
1160770,A2,11,5,Not many people like playing basketball.,7,23
1160770,A2,11,6,Few people like doing yoga.,7,23
1160770,A2,11,7,My boyfriend likes seeEXwatching a moviePLmovies.,24,19
107141,A2,15,0,My name is Jake Xu.I come from China and I can speak Chinese and English.I like swimming but I don't like playing soccer.,25,3
200406,A2,15,0,My name is Victor.,27,2
200406,A2,15,1,I am from China.,25,3
200406,A2,15,2,"I like playing PingPang, surfing the web and watching films.",-1,-1
200406,A2,15,3,"I also like English, so I'm trying my best to learn it.",-1,-1
200406,A2,15,4,"And I have a dream, I can speak beautiful English.",-1,-1
767401,A2,9,0,I get up at 6 a.m. every day.,24,21
767401,A2,9,1,I eat breakfast at 7:30.,24,21
767401,A2,9,2,"I get to work at 8 a.m..D I have lunch at noon,PU; iCI have one hour ofWCbreak for lunch.",24,20
767401,A2,9,3,I go to Dhome at 6 p.m..D,24,-1
936309,A2,14,0,Hi Sue.,12,1
936309,A2,14,1,"Sorry RS, today I'm busy, RightCright nowPU, I'm studingSPstudding my net class.",5,35
936309,A2,14,2,"AndCO and after class RS,AS I must cookingWCcook in the kitchen for my family's dinner.",-1,-1
936309,A2,14,3,"AndCO and then, I will go to the moviePLmovies with my sister at seven o'clock.%% When we are back at home RS, I must write a mail to a friend.",24,19
936309,A2,14,4,So sorry I can not meet you today.,10,35
936309,A2,14,5,"How about tomorrow morning RS, at ten o'clock?",24,21
1171671,A2,11,0,Hello my good friend.,12,-1
1171671,A2,11,1,Few people in my country like baseball.,7,23
1171671,A2,11,2,A lot of people love watching soccer.,7,23
1171671,A2,11,3,"Volleyball is very popular, too.",7,23
1171671,A2,11,4,My sister can't play volleyball.,7,23
1171671,A2,11,5,See you later.,10,16
894615,A2,10,0,"I'm so sorry about the weather, but you are on vacation!",3,35
894615,A2,10,1,"youCYou should go MassageWCfor a massage and goMW to the cinema RS,AS there're aD new movies, how about go skiing or playWCplaying in ARthe snow RS, let's go MWto restaurants and shopping,AS it's interesting.",24,-1
894615,A2,10,2,If youARthe weather normal getWCgets normal MWgo out for a walkingWCwalk.,3,26
894615,A2,10,3,Have ARa nice onD vacation!,-1,31
976133,A2,9,0,I get up at 6:30.,24,21
976133,A2,9,1,RSAS Make breackfastSPbreakfast at 6:45 and go to stop bus take my bus for go my work.,-1,-1
976133,A2,9,2,RSAS Start my work at 8:00 o'clock.,-1,21
976133,A2,9,3,"RSAS After at noon thirtyPU, iCI have a Dlunch and return PRto my work at one thirty.",-1,21
611065,A2,14,0,"I MWdo not share an apartamentSPapartment.,It'sPU.",-1,23
611065,A2,14,1,It's comfortable and big Dlarge.,-1,30
611065,A2,14,2,"The living room is big , butPUbig, but MWit's ugly,NS.",-1,30
611065,A2,14,3,"I like the bedroom'sPLbedrooms, I pay $ 1000,00PU$1,000 a month, it's near public transportation, MW and it's in a nice neighborhood.",-1,18
611065,A2,14,4,I like my new apartment.,-1,30
213093,A2,11,0,Snowy Moscow.,3,26
213093,A2,11,1,Wellcome to snowy Moscow in winter!,3,26
213093,A2,11,2,"Usually in it season, Moscow is cold, snowy and color.",3,26
213093,A2,11,3,All streets and built like a fairytale.,-1,38
213093,A2,11,4,"It's very beautiful, but very cold too!",3,26
213093,A2,11,5,"We wear down coats and jackets, sweaters, hats, felt boots and gloves and we go skiing, ice - skate, play in snow.",3,26
213093,A2,11,6,"In summer, Moscow is hot and sunny.",3,26
213093,A2,11,7,September is cool.,8,26
213093,A2,11,8,"Autumn usually is very short, but sometime it's warm and sunny.",3,26
738313,A2,13,0,My neighborhood is very calm.,-1,38
738313,A2,13,1,"There's many restaurants, fastfoods and etc.",28,39
738313,A2,13,2,"There's many shops, MWsuch as bookstore, coffee shop, MW and petshops.",28,38
738313,A2,13,3,There's a big park called Santa Terezinha.,30,37
824857,A2,10,0,There are other recreational options in the United States.,30,23
824857,A2,10,1,"You can go to the movies, strolling through parks among other things.",30,-1
824857,A2,10,2,The United States is very good.,-1,-1
1097600,A2,11,0,"Most people in my country love watching sports.AS In the summer,AS many people love swimming,AS having a picnic,AS going on hikes and doing yoga are very popular,AS too.AS In the winter,AS many people love go Drunning.",7,23
265098,A2,15,0,"MWCaller:Tom Parker, head PRofmarketing from Massive records.",21,41
265098,A2,15,1,"Order numberPU: 375221: D20000 plastics silly cases, MWOrdered:6 weeks ago with Simon URGENT.",21,27
265098,A2,15,2,Late MWby(4 weeks).,-1,10
265098,A2,15,3,Where is the order?,29,8
265098,A2,15,4,Phone no: ##########.,29,27
959730,A2,13,0,My neighborhood is small and quiet RS.,-1,38
959730,A2,13,1,"There is a gym thePRin front inPRof the school, a good pizza place on the corner and a nice grocery store across the street.",29,38
959730,A2,13,2,The people isAGare very friendly.,-1,29
959730,A2,13,3,My favorite place is ARa pizza place.,-1,39
718645,A2,11,0,"Most people in my country love watching baseball,AS golf and basketball.",7,23
718645,A2,11,1,In theD winter many people like watching snow withD on the mountain.,3,26
718645,A2,11,2,In theD summer people like surfing onPRat the beach.,7,26
718645,A2,11,3,At night a lot of people like to go to ARa night market.,-1,19
718645,A2,11,4,That whereWCThey have many delicious snackPLsnacks.,28,39
231450,A2,9,0,Hi!,12,1
231450,A2,9,1,My name's Kirill.PU I'm 26.,-1,24
231450,A2,9,2,My favorite day is Sunday.,-1,12
231450,A2,9,3,I get up at 9 WCnine o'clock in the morning.,24,21
231450,A2,9,4,I have tea and tostSPtoast.,28,39
231450,A2,9,5,At 10 WCten o'clock I play MWon the computer.,24,19
231450,A2,9,6,In the afternoon I go skiing.,24,19
231450,A2,9,7,In the evening I meet frendsSPfriends.,-1,19
231450,A2,9,8,We drink beer.,28,39
231450,A2,9,9,I go to bed at 12 HL12 o'clock.I love Sundays.,24,-1
231450,A2,9,10,What day do you like?,-1,12
338519,A2,16,0,My names Christian.,27,2
338519,A2,16,1,Im from Mexico.,11,3
338519,A2,16,2,"There are five people in my family, my father, my mother and two sisters.",20,25
338519,A2,16,3,My father likes eggs and Mexican food.,28,39
338519,A2,16,4,My mother likes spaghetti and japanese food.,28,39
338519,A2,16,5,"My sisters likes japanese food, chinese food and mexican food.",28,39
338519,A2,16,6,My favorite food is meat and pizza.,28,39
338519,A2,16,7,I like Chinese food.,28,39
343271,A2,9,0,Hi: my name's Ahmed.my favorite day is friday.I usualy visit my reltvs and sister exatly in the morning .,-1,12
343271,A2,9,1,I aloyse wosh my cloudes and i go to the mocke.,3,26
55097,A2,16,0,My name is Sunny .My family have three person .,20,25
55097,A2,16,1,My father my mather and me.,20,25
55097,A2,16,2,I have no elder brothers or elder sisters .I like chinese food and pizza.,28,39
727986,A2,10,0,"I''m sorry about the weather,AS you should play video gamePLgames,AS aboutWCwatch ARa movie,AS read a book.AS Have fun.",3,35
971213,A2,14,0,I live in a dupleixSPduplex in a really nice neighborhood of Paris.,11,38
971213,A2,14,1,"The place is really quite and near a beautiful park, but it's quite MWandfar from the subway.",30,37
971213,A2,14,2,"In front of the dupleixSPduplex, there is a little yard.",29,38
971213,A2,14,3,"There is only one bedroom, but the roof window gives a lot of light.",-1,30
236551,A2,15,0,Hello!,12,1
236551,A2,15,1,My name is Nina.,27,2
236551,A2,15,2,I'm from Russia.,11,3
236551,A2,15,3,I can cook and dance.,13,22
236551,A2,15,4,I can play tennis.,7,23
236551,A2,15,5,I can play the piano.,13,22
236551,A2,15,6,I can swim.,7,22
236551,A2,15,7,I like singing.,13,22
236551,A2,15,8,I can speak Russian and German.,-1,3
236551,A2,15,9,I study English.,-1,43
236551,A2,15,10,I like to read and listen to music.,-1,22
1136773,A2,12,0,My name is Pedro.,27,2
1136773,A2,12,1,I'm in good shape.,10,-1
1136773,A2,12,2,"I eat well,CO and  don't smoke.",24,39
1136773,A2,12,3,I play soccer once or twice in the week.,7,9
1136773,A2,12,4,I run in the park on the weekends.,7,19
1163920,A2,13,0,i'm live inPOMy neighboordSPneighborhood  RSis big.AS there'sCThere's  RSanARa big moolSPmall RS.AS thereCThere are a lot of good chopsSPshops RS.,9,38
1163920,A2,13,1,"theCThe bus stop  RSis in ARthe front,AS and MWthere's a subwaeSPsubway station and big play ground,PU.AS myCMy favorite place is the park MWwhich is verrySPvery beautifoulSPbeautiful.",-1,37
111518,A2,10,0,"Vika invites you to her birthday party.Hi!I am 35 XCthirty-fiveyears old on Friday, June 29, and I am having a party.",8,32
111518,A2,10,1,"On my birthday, I like to have dinner, eat cake, listen to music and dance.The party is at my house.",8,32
111518,A2,10,2,It starts at 7 o'clock.Hope you can come!Vika,8,-1
892136,A2,10,0,"Hi Jssica, I know that's bad.",12,39
892136,A2,10,1,"The weather is cold and MWit is snowing, but you should play game computerWOcomputer games and play game cardsWOcard games.",3,26
892136,A2,10,2,How about a goWCgoing to a movie or watchWCwatching TV?,24,19
892136,A2,10,3,There are movies now.,24,19
892136,A2,10,4,Have fun.,10,31
1104029,A2,9,0,I am a certified public bookAS keeper.,21,42
1104029,A2,9,1,I have a business office.,21,42
1104029,A2,9,2,"I get up at 6 o'clock RS.PU, eat breakfast.PU, take my son to school.PU, and I get to work at 8:30.",24,21
1104029,A2,9,3,I leave the office at 10 p.m.,24,21
1104029,A2,9,4,Sometimes leave the office at midnight.AS I have a very busy life.,24,21
484075,B1,20,0,"Hi, Jane no problem.",-1,1
484075,B1,20,1,You go straight along Liverpool Rd.,29,38
484075,B1,20,2,Turn right onto Green Ave. My house is opposite the park and there is between restaurant and supermarket.,29,38
484075,B1,20,3,I'm waiting for you.,10,16
484075,B1,20,4,By See you.,10,16
698986,B1,20,0,My favorite holiday in Brazil is ARthe Carnival!,11,11
698986,B1,20,1,MWIt LastsClasts PRfor four days!,21,10
698986,B1,20,2,"OccurD duringCDuring the carnival MWthere are parades of samba schools, with great music, samba and color!",13,11
698986,B1,20,3,People all over the world come to Brazil to watch this wonderful show.,11,11
1140203,B1,20,0,"Lantern festival is my favorite,AS this festival lastAGlasts for one day.",13,11
1140203,B1,20,1,"In Taiwan childPLchildren take LanternClantern parade PRon streetPLstreets atPRin the night,PU.",13,-1
1140203,B1,20,2,"And ARthe GovernmentCgovernment make a big part with all people celebrationWCtakes part in the celebration with the people,PU.",13,32
1140203,B1,20,3,I am Deat RiceCrice balls with family on theWCthat night.,-1,32
244353,B1,18,0,In Monday I get up at 9:00am o'clock.,24,21
244353,B1,18,1,I eat breakfast at 10:30am o'clock.,24,21
244353,B1,18,2,I play football at 5:00pm o'clock.,24,19
244353,B1,18,3,I watch TV at 8:15pm o'clock.,24,19
244353,B1,18,4,I go to bed at 11pm o'clock,24,-1
347837,B1,20,0,Hi Jane.My house is on Green Avenue.,29,38
347837,B1,20,1,"Go straight ahead on Liverpool Road, turn left on Green Avenue, PS and my home is opposite the park.",29,38
706707,B1,21,0,I''m retired and fortunately I get good money.,21,29
706707,B1,21,1,I see in my country a lot of expensive things.,16,18
706707,B1,21,2,The public transportation is bad and is increasing due PRto the price of gasoline and the drivers.,16,18
706707,B1,21,3,"The food areWCis not expensive, except something seasonal.",16,18
706707,B1,21,4,I will stay worryWCbe worried when the beer''s price increaseWCincreases.,28,18
706707,B1,21,5,I hope noWCnot.,10,-1
581215,B1,21,0,The price in my country is very expensive in special the gasoline is going up the cost is $3.59 dollars of gallon.,16,18
581215,B1,21,1,"HausingSPHousing is very expensive, and transportation and food goinSPgoing to inceaseSPincrease.",16,18
581215,B1,21,2,I don't know how the people do it is very dificultSPdifficult living in this country.,16,-1
581215,B1,21,3,IAS need a new job*PU.,21,15
970349,B1,18,0,On  RSSaturday  RSshe  RSgoes  RSswimming  RSat  RS11:30 in  RSthe morning RS.,9,19
970349,B1,18,1,RS She  RSeats  RSlunch at  RS12:30pm.,9,19
970349,B1,18,2,RS She  RSreads  RSemails  RSat 4:00pm in the  RSafternoon RS.,9,19
970349,B1,18,3,RS She  RSeats  RSdinner  RSat  RS6:00pm RS.,9,19
970349,B1,18,4,RS At  RSnight  RSshe watches  RSTV  RSat  RS10:00pm.%%,9,19
1132898,B1,18,0,"My hometown is the city of Caruaru, in Pernambuco  Brazil.",11,3
1132898,B1,18,1,"Its about 135 kilometers from Recife, the capital of Pernambuco.",11,3
1132898,B1,18,2,Its approximately on the east coast of Brazil.,11,3
1132898,B1,18,3,"Caruaru has various tourist attractions, many old buildings, various Shopping Centers and Universities.",13,37
1132898,B1,18,4,Every autumn there is PU'The So Joo FestivalPU'.,13,11
1132898,B1,18,5,Many people like to visit Caruaru for the FestivalCfestival.,13,11
1132898,B1,18,6,I admire my hometown!,30,3
922398,B1,21,0,"In my country, the cost of living is very difficult.",16,18
922398,B1,21,1,The prices of housing and helthcareSPhealthcare are increasing quickly.,16,18
922398,B1,21,2,The rents are too expensive.,16,18
922398,B1,21,3,"The prices of cars, gasoline, tecnologySPtechnology, entertainment and education are going up fast also.",16,18
922398,B1,21,4,Clothing and transportation are increasing slowly.,16,18
922398,B1,21,5,"I would like to buy a house, and change my car, but I can''t, MWI don''t have ARthe money.",16,-1
922398,B1,21,6,I need workVTto work a lot.,21,36
128269,B1,20,0,Ok. You are nextMWto my house .,-1,30
128269,B1,20,1,Walk along Liverpool Rd.,29,38
128269,B1,20,2,then turn left PRatGreen Av.,-1,38
128269,B1,20,3,My house is opposite deARthe park.,29,38
128269,B1,20,4,Call me anythingWCanytime .,10,-1
308236,B1,17,0,Hi!My name's Joshua.,-1,2
308236,B1,17,1,I'm from Mexico.,11,3
308236,B1,17,2,"I'm twenty-nine.There are seven people in my family: my mother, my father, my sister, three brothers and I.I can speak English and Spanish.",20,25
308236,B1,17,3,I will be waiting for your answer.Bye!,2,16
178719,B1,17,0,"HiMWFriend .. PU, My name is pattyCPatty.PU I AGam from Mexico City.PU I'm 36 years old.PU There are four people in my family:PU my husbandPU,  my daugtherSPdaughterPU,  my son and I.PU All my family live AGlives in California.PU Can IWOI can  speak two language PLlanguages English and Spanish.MWRegards PU, MWPatty",20,24
974693,B1,20,0,"In Brazil the mostWCbiggest  celebration is Carnaval.This big celebration lasts four days in Rio de Janeiro, in Salvador MWforone week.",13,11
974693,B1,20,1,There are a lot of people MWfrom several countries theWCthat watch MWtheparade in Carnaval.They have popular music and art exhibitions.,13,11
974693,B1,20,2,The parade is more Dbeautiful and create.WCcreative.,13,11
944601,B1,21,0,In my country the cost of living is very high.,16,18
944601,B1,21,1,The cost of education and healthAG are increasing quickly.,16,18
944601,B1,21,2,The costMW of living is very high and the people live bad.,16,18
944601,B1,21,3,Transportation and tecnologySPtechnologyAG are increasing slowly.,16,18
944601,B1,21,4,The price of gasoline is very expensive.,16,18
943805,B1,22,0,I'm an office manager now.,21,42
943805,B1,22,1,I manage three clerks here.,21,42
943805,B1,22,2,I was a salesperson of another company.,21,42
943805,B1,22,3,It WCI was happy.,-1,29
943805,B1,22,4,My boss was friendly.,21,29
943805,B1,22,5,Now my boss is friendly too.,21,29
943805,B1,22,6,My colleagues are very good people.,21,-1
943805,B1,22,7,But our vice president is very strict.,6,36
1093640,B1,20,0,The Rock'n Coke is the largest music festival in Turkey.,13,11
1093640,B1,20,1,"Rock'n Coke this year 8'th Dwill be performed inWCon 07-08 sCSeptember, MWat Istanbul Hezarfen Airport arena.",13,11
1093640,B1,20,2,Ticket sales MWare 100 usaSP100 USD and camping equipmentsWCequipment MWis included in the price.,-1,18
1093640,B1,20,3,5 different arenaPLarenas and more MWthan 100 performers are waiting for you.,13,11
1093640,B1,20,4,"I meetVTmet  RSwith Dmy wife inWCat this festival, 4 years ago.",13,40
1093640,B1,20,5,This year we are going to the festival with our daughter.,13,11
1093640,B1,20,6,Thank you rCRock'n cCCoke.,-1,5
1093640,B1,20,7,ThenkSPThank you rock music RS:)PU.,13,8
996170,B1,22,0,I'm working for Hydrostec Tecnologia e Equipamentos as a Commercial amp; Technical Engineer.,21,42
996170,B1,22,1,"My responsabilytiesSPresponsibilities are MWto get new business atWCin the nacionalSPnational and international market, introduce Hydrostec equipament'sSPequipment's into projects in faseSPphase of development, prepare the technical specification and commercial proposal to offer the product, negociateSPnegotiate both technical and commercial conditions with the client, and once I got the business, I analiseSPanalyse the contract or the Purchase Order, and finaly,SPfinally, I open the Internal Service Order to iniciateSPinitiate the process of fabrication.",21,42
996170,B1,22,2,Every task related before is done for biding process as well.,21,36
996170,B1,22,3,"I report to the Director, to be more exacly,SPexact, to the onwerSPowner.",21,42
616795,B1,19,0,"Hi, my room is finished.",19,30
616795,B1,19,1,It's beautiful!,10,33
616795,B1,19,2,There is a big bed king sizeWOking size bed.,19,30
616795,B1,19,3,Opposite the bed is a nice large closet!,19,30
616795,B1,19,4,"The walls are cream, there are two pictures and a big window.",19,30
616795,B1,19,5,In the middle room is a rug.%% I love my room!,19,30
1149155,B1,17,0,I'm really into my piano.,13,22
1149155,B1,17,1,It's very old and has a beautiful sound.,10,33
1149155,B1,17,2,"SometimeEXSometimesPU, my friends come to my house.",8,-1
1149155,B1,17,3,They enjoy listening to me PRto play.,21,22
1149155,B1,17,4,They always ask me to play a new song.,13,22
1149155,B1,17,5,I can say beautiful things with piano music.,13,22
22494,B1,22,0,I'm Eva.IS (Friends call me Bizi).,27,2
22494,B1,22,1,"I live in Slovenia, Ljubljana.",11,3
22494,B1,22,2,I am 14 years old.,20,24
22494,B1,22,3,My birthday is 11st inSP11th August.,8,32
22494,B1,22,4,I love animals.,-1,33
22494,B1,22,5,"I like reading, playing soccer and tennis, surfing the internetSPInternet, listening to music and shopping.",-1,-1
22494,B1,22,6,I don't like playing chess.,7,23
22494,B1,22,7,It's boring.,10,-1
22494,B1,22,8,My favourite season is summer.BecauseD I can swim in the sea and I MWlikeplaying beach volleyWCvolleyball.,7,26
118669,B1,20,0,"Hi, Jane.",-1,1
118669,B1,20,1,Walk along Liverpool Road.,29,38
118669,B1,20,2,Then turn left onto Green Avenue.,29,38
118669,B1,20,3,My home is on the left side opposite the park.,29,38
883440,B1,17,0,I like horses.,-1,33
883440,B1,17,1,"It,sAGThey're very nice animals.",-1,33
883440,B1,17,2,"My older son likes horses,PU tooPU, and we sometimes go to ARthe racetrack.",-1,-1
883440,B1,17,3,"In summerPU, we go to the garden and MWtake a ride on horseback.",-1,26
883440,B1,17,4,"It,sPOIt's a wonderful place.",30,37
883440,B1,17,5,We always enjoy the nature and socializing with these animals.,-1,33
300695,B1,17,0,"Hi, My name is Arnaldo.",27,2
300695,B1,17,1,I'm from Brazil.,11,3
300695,B1,17,2,I live in Rio de Janeiro.,11,3
300695,B1,17,3,I'm fourty-two years old.,20,24
300695,B1,17,4,"There are seven people in my family: my mother, my brother, my wife, two dogs (Attila and Petra), one cat (Isis) and I.",20,25
300695,B1,17,5,"My mother is seventy-nine years old and she lives in Santos, Brazil.",11,25
300695,B1,17,6,My mother loves travel.,31,37
300695,B1,17,7,"At moment, she is think about to have a big party to comemorate her 80th birthday.",8,32
300695,B1,17,8,"My brother lives with my mother in Santos, Brazil.",11,3
300695,B1,17,9,He is fourty-three years old.,-1,24
300695,B1,17,10,He cooks very well and he loves candy.,28,39
300695,B1,17,11,"I live in Rio de Janeiro with my wife, two dogs and one cat.",11,3
300695,B1,17,12,"I can speak three languages: Portuguese, Spanish and English.",-1,3
300695,B1,17,13,I loves walking in the beach with my wife.,31,37
300695,B1,17,14,I and my wife can cook very well.,13,22
300695,B1,17,15,"I can drive and swim, but I can't ride airplane.",7,22
300695,B1,17,16,My wife is physician and she loves read a book.,-1,-1
300695,B1,17,17,"She hates noise, because she loves sleeping.",-1,6
300695,B1,17,18,"by, Arnaldo",27,8
169719,B1,17,0,My name's PHname is Daniel.,27,2
169719,B1,17,1,I'm from Brazil.,11,3
169719,B1,17,2,I live in So Paulo.,11,3
169719,B1,17,3,"There are three people in my family: my daugtherSPdaughter, my wife and I. I can cook, drive, sing and play drums.",20,25
169719,B1,17,4,"I can speak three languages: Portuguese, Spanish and a little English.",-1,3
567420,B1,22,0,I'm a manager PRat the bank now.,21,42
567420,B1,22,1,I love my job.,21,-1
567420,B1,22,2,"Not easy my jobWCMy job is not easy, it's very tiring I jobVTwork for veryWCmany hours.",21,36
567420,B1,22,3,"Before I was ARthe manegerSPmanager of relationshipPLrelationships, it was much easyWCeasier, I workVTworked for lessWCfewer hours.",21,36
567420,B1,22,4,I work haveVThave been working PRfor 10 years in my company.,21,42
567420,B1,22,5,"Before of DworkWCworking PRin this company, I was a teacher of mathematics and physics.",21,42
567420,B1,22,6,I was ARa teacher for four years.,21,43
567420,B1,22,7,I studied MBA in Gesto Financeira in FGV.,21,43
567420,B1,22,8,I'm ARan engineer.,21,42
1103521,B1,19,0,I would like to recommend you a hotel called Vintage on South-east coast of Crimea.,-1,37
1103521,B1,19,1,It is located near the beach.,31,37
1103521,B1,19,2,Vintage is the modern and clean hotel.,-1,-1
1103521,B1,19,3,The rooms are very comfortable and there is wireless internetCInternet in every room.,-1,30
1103521,B1,19,4,There is ARa juniper grove around the hotel and air is fresh.,-1,37
1103521,B1,19,5,"I think, the rates are reasonable, about 100 dollars a night.",16,18
1103521,B1,19,6,Vintage also has a nice restaurant where we can have a delicious meal.,28,39
463427,B1,20,0,"Jane, go straight ahead on Liverpool Road then turn left at Green Avenue, my house is between the restaurant and the supermarket.",29,38
16445,B1,24,0,"Dear Ed, Thanks for your e-mail and your $ 10.",6,5
16445,B1,24,1,"I Think Cthink our teacher likes books, flowers and chocolate.",-1,39
16445,B1,24,2,"Then, she doesn't like phones, earrings and dresses.",6,14
16445,B1,24,3,"Thus, we can buy a book or a box of chocolates for her birthday.",-1,39
16445,B1,24,4,"What do you think?see CSee you soonPU,Maggie",10,8
116435,B1,20,0,"Hi,Jerrywalk along Gold steet,IS and turn right at London Rd.IS Then turn right at Green Ave.IS My house is between the supermarket and the restaurant.seeCSee you soon,IS Jerry.",29,38
1097038,B1,17,0,My favorite is sport and singing.,7,23
1097038,B1,17,1,I most love football and I like AC Milan football club.,7,23
1097038,B1,17,2,"I have studied some instruments, such as guitar, piano.",13,22
1097038,B1,17,3,"butCBut I am not good at them,PU.",0,15
1097038,B1,17,4,I only canWOcan only play some simple songs by guitar and piano.,13,22
1097038,B1,17,5,However I like quot;DbCBeyondquot;D rock band and their concert.,13,22
1097038,B1,17,6,"theyCThey are good at playing the guitar and drums, I think quot;DbCBeyondquot;D band is the most excellent rock band and their songPLsongs and melody will be remembered toPRin musical history.",13,22
742841,B1,20,0,The Sziget Festival is my favorite.,13,11
742841,B1,20,1,"This big festival lasts for one week, on an island on the gorgeous Danube River in Hungary.",13,11
742841,B1,20,2,Sziget is a special place with a forest.,30,37
742841,B1,20,3,"There are 250 entertaining, crowded events every day.",13,11
742841,B1,20,4,They have popular music and art exhibitions.,13,11
742841,B1,20,5,People usually camp in the forest and have great fun.,30,11
988487,B1,21,0,In my country the price of everything is going up.,16,18
988487,B1,21,1,Housing is very expensive.,16,18
988487,B1,21,2,No haven't neither cheap there.,16,18
988487,B1,21,3,DFoods are very expensive and gasoline too.,16,18
988487,B1,21,4,The cost PRof liveWClife thereWChere is very difficultWChigh.,16,18
988487,B1,21,5,"I  RSwant to buy an apartment, but MWit is not easy RS.",16,-1
648270,B1,22,0,I am ARateacher.,21,43
648270,B1,22,1,I love my work.,21,-1
648270,B1,22,2,I work in the school MWwhich isvery good.,21,43
648270,B1,22,3,Hes haveWCIt has veryMWmany students and friends.,21,43
648270,B1,22,4,I love my friendaSPfriends of PRfromwork.,21,-1
648270,B1,22,5,Thanks.,-1,5
581145,B1,21,0,"ImSPIn my country, the price for everthingSPeverything is going up too.",16,18
581145,B1,21,1,"The gasoline is very expensive,D and the price of utilities is increasing quickly RS.",16,18
581145,B1,21,2,The cost of de Dliving is very dificultSPdifficult.,16,18
581145,B1,21,3,EducacionSPEducation is expensive too.,16,18
581145,B1,21,4,"The healthcare and food are not expensive, but they are going up slowly.",16,18
581145,B1,21,5,I need a new job!,21,41
795061,B1,17,0,My musical instrument I can play the guitar.,13,22
795061,B1,17,1,"I playingVTplay the guitar every day, always at night.",13,22
795061,B1,17,2,My guitar is old.,13,22
795061,B1,17,3,I'm pretty good inPRat it.,10,-1
148011,B1,17,0,"My family: my wife is 60, two sons are 28 and 27 and I.",20,25
148011,B1,17,1,"We live in Rio, Brazil.",11,3
148011,B1,17,2,"My daughter is 30 and she lives in Lund, Sweeden.",20,24
148011,B1,17,3,"I can speak Portuguese, Italian and I'm learning English.",-1,3
148011,B1,17,4,"I can drive, but I can't sing.",13,22
148011,B1,17,5,Bye!,2,0
148011,B1,17,6,Carlos,26,8
319299,B1,19,0,"Hi, myCMy room is finished,PU.",19,30
319299,B1,19,1,it'sCIt's beautifulPU.,10,33
319299,B1,19,2,"thereCThere is a bed,PU.",19,30
319299,B1,19,3,"thereCThere are two lamps and two tablePLtables nightsD,PU.",19,30
319299,B1,19,4,"thereCThere is a celingSPceiling fan,PU.",-1,15
319299,B1,19,5,"thereCThere is a TV cabinet and the wall is cream.ISRegards,ISXXXX",19,30
710072,B1,18,0,"On saturdayCSaturday,AS he goes to Dswimming at 11:30.",23,19
710072,B1,18,1,"At 12:30,AS he eats lunch.AS At 4:00,AS he reads emailPLemails.AS He eats dinner at 6 o'clock.AS At 10 o'clock RS,AS he watches TvSPTV.",23,19
710072,B1,18,2,"On sundayCSunday,AS he goes to ARthe park at 11 o'clock,AS at 11:30 RS,AS he plays tennis.%%At 3 o'clckSPo'clock,AS he goes shopping.AS At 8 o'clock,AS he goes to ARthe cinema.AS He goes to bed at 10 o'clock.",23,19
838427,B1,20,0,The globeCGlobe festivalCFestival is my favorite.,13,11
838427,B1,20,1,This festival lastAGlasts for two days onPRin a little cuntrySPcountry close to La Piedad.,13,11
838427,B1,20,2,We celebrate freedom and a new year of life.,8,31
838427,B1,20,3,"NormallyPU, we celebratePR during ARthe last week of October, there are many globes and you can toD put on it.",13,11
838427,B1,20,4,We celebrate with a lot of friends takingWCdrinking some of DtipicalSPtypical beverage from Mexico (Tequila).,-1,39
838427,B1,20,5,"ARThe FestivalCfestival has popular music from Mexico, and people usually can camp in the forest.",13,11
838427,B1,20,6,It''s really too funnyWCa lot of fun.,-1,34
127218,B1,18,0,"PR On Saturday :DPR at 11:30am MW he or she goes summingPU, PR at 12:30pmMW he or she  eats luchsSP lunch PU, PR at 4:00DpmPU reads emailsPU, PR at 6:00Dpm MW he or she eats dinnerIS and at 10:00Dpm IS he or she watches TVPU.",23,-1
127218,B1,18,1,"PR On Sunday:DPR at 11:00DamMW he  goes to the parkPU, PR at 11:30am MW heplays tennisPU, PR at 3:00DpmMW he goes shoppingPU, PR at 8:00Dpm MW hegoes to the cinemaIS and at 10:00Dpm MW hegoes to bedPU.",23,19
607534,B1,22,0,Name: Rafael (My friends say :WCcall me Rafa.),25,2
607534,B1,22,1,"Age:27 Birthday: 20 May Like doing: playing soccer,AS cooking,AS surfing the internetSPInternet Live in: So Paulo,AS Brazil Favorite Season: summer animal: dog Time: morning Day: saturdaySPSaturday Number: 5",11,3
364191,B1,21,0,Hi!,12,1
364191,B1,21,1,Why don't you buy the purple top.,6,18
364191,B1,21,2,I think you should buy the blue sweatshirt.,6,17
364191,B1,21,3,The red hat is nice.,-1,18
364191,B1,21,4,The purple top is expensive.,16,18
364191,B1,21,5,The red hat is cheap.,-1,18
364191,B1,21,6,By!,10,8
325146,B1,23,0,"Hi Hanna!Please, can you buy me these: a bread a bottle of orange juice a bottle of water some potatoes some carrots some tomatoes a packet of rice some chicken some cucumbers one box of ice cream Thanks!Amira.D",28,39
543486,B1,23,0,"Hi, Mike.",12,1
543486,B1,23,1,Can you buy me some chicken and a fish.PU?,28,39
543486,B1,23,2,I'd like MWto cook a Dfish soup and chicken with mushroom.,28,39
543486,B1,23,3,You also can buy me some vegetables.,28,39
543486,B1,23,4,What would you like to eat?,28,39
543486,B1,23,5,andCAnd you could buy some PRof your favorite food.%% I can cook that for you.,13,39
543486,B1,23,6,It's my treat tonight.,8,-1
543486,B1,23,7,Thank you.,-1,5
777194,B1,18,0,"On Saturday,AS he goes swimming at 11:30,AS he eats luchSPlunch at half past 12.AS In the afternoon,AS he reads email at 4 o'clock,AS he eats dinner at 6 o'clock.AS At night,AS he watches TV at 10 o'clock.%% On Sunday,AS he goes to the park at 11 o'clock,AS he plays tennis at half past 11.AS He goes to shopping at 3 o'clock.AS He goes to the cinema at 8 o'clock.AS At night he goes to bed at 10 o'clock.",23,19
267488,B1,20,0,"Ok Jane, walk CWalk straight ahead on Liverpool Road and next to PRonthe corner is a RestaurantPU.",29,38
267488,B1,20,1,"and in PRAtthe corner turn left, my house is opposite to Dthe park D.",29,38
16409,B1,17,0,"Hi,my name is Lucy,i'm from China,i live in Ningbo,China.i'm twenty-two.",25,3
16409,B1,17,1,"There are four people in my family: mother,father,brother and i.My mother's four-four,my father's four-seven,my brother's twenty.I can speak English and Chinese,i can sing,cook and dance",20,25
866117,B1,19,0,How about the Maruet hotel.PU?,-1,37
866117,B1,19,1,It is right downtown.,29,-1
866117,B1,19,2,The rooms isAGare very modern and comfortable.,-1,30
866117,B1,19,3,Every room has free wireless internetCInternet.,-1,30
866117,B1,19,4,TherSPThere is a swimming pool and ARa fitness center.,-1,-1
866117,B1,19,5,"The retesSPrates are reasonable, araoundSParound $300 a night.",16,18
866117,B1,19,6,"Oh, and the food in the restaurant is so diliciousSPdeliciousPU.",28,39
1021016,B1,18,0,"I'm from the city of Montes Claros, but iCI live in Belo Horizonte.",11,3
1021016,B1,18,1,"Belo Horizonte is the capital of Minas Gerais, a state on the center of Brazil.",11,3
1021016,B1,18,2,"The city is in the mountains and has many beatifulSPbeautiful squares, buildings from the 20's and RS is too far from Ouro Preto, one of the most beatifulSPbeautiful cities that i'veCI've ever seen.",30,37
1021016,B1,18,3,Belo Horizonte is 454 kilometers from Rio de Janeiro.,11,3
22847,B1,20,0,"Jane,Go straight ahead Liverpool Ave. then turn left at Green Ave. My house is opposite the park.okSPOK?George",29,38
102511,B1,19,0,"Hi, my room is finished.It's beautiful!",19,30
102511,B1,19,1,There is a white bed.,19,30
102511,B1,19,2,The walls are white.,19,30
102511,B1,19,3,There are a big sofa and a table.,19,30
102511,B1,19,4,There is a big mirror next to window.,19,30
102511,B1,19,5,There is a computer.There is a closet.,19,30
1204845,B1,19,0,"I can recomendSPrecommend the Bis Hotel, it's near of airport on the west from downtown and can you walk for central park.",-1,37
1204845,B1,19,1,"The rooms are modern and clean, have free internetCInternet, good restaurant and a big pool.",-1,-1
1204845,B1,19,2,"The rates are reasonable about of 150,00 a night.",16,18
128788,B1,19,0,"Hi, my room is finished.",19,30
128788,B1,19,1,It's beautiful!,10,33
128788,B1,19,2,There is a big bed with four pillows.,19,30
128788,B1,19,3,"There is wonderful closet, when I can put all my stuffs.",19,30
128788,B1,19,4,"There's no TV, because I don't like it.",24,23
128788,B1,19,5,I prefer to relax with a good book.,-1,-1
128788,B1,19,6,There's a red rug on the floor and a confortable chair for me.,19,30
847940,B1,18,0,Las Kabacki is my favorite place in Poland's capital city.,30,37
847940,B1,18,1,It is a large forest in the southern part of Warsaw.,30,37
847940,B1,18,2,"It's a clean,MW and peaceful place, full of squirrels and singing birds.",30,37
847940,B1,18,3,There are a lot of avenues and benches.,30,37
847940,B1,18,4,Many people go there for a walk or a camp.,30,-1
847940,B1,18,5,It is also a great place for runners and cyclists.,30,23
466074,B1,22,0,"Name: Kezy CristinaAge: 21Birthday: 27ISth SeptemberLike doing: cooking, playing chess,ISand playing ARthe guitar.LivesXCLive in: Braslia, Brazil.FavoriteSeason: springAnimal: dogTime: morningDay: SundayNumber: 7",25,3
912276,B1,17,0,My DrumsCdrums and MeCme  RSI'm really into my drums.,13,22
912276,B1,17,1,I play drums every weekend.,13,-1
912276,B1,17,2,"SometimesPU, my friends come to my house.",8,-1
912276,B1,17,3,They enjoy listening to me play.AS They always ask me to play a new song.,13,22
912276,B1,17,4,I can sing noisy things with drums music.,13,22
439760,B1,17,0,Brigit: Nice to meet you!Glad to hear from you !,-1,-1
439760,B1,17,1,My name is Nancy.I'm from China.I live in Jilin.I'm Twenty-eight.,25,3
439760,B1,17,2,"There are three people in my family:my mother,my father and I.My mother is fifty-two and my father is fifty-four.We are all live in Jilin,China.",20,25
439760,B1,17,3,"I can speak Chinese and English.I can sing and cook,too.",-1,3
439760,B1,17,4,"And can't swim,too.",7,22
439760,B1,17,5,Are you a worker or student?What is your professional?,21,-1
439760,B1,17,6,Look forward to your reply GoodBye!,2,16
439760,B1,17,7,Best wishes for you!,-1,5
335721,B1,17,0,Hi!,12,1
335721,B1,17,1,"My name's Lily, I'm from China.",25,3
335721,B1,17,2,I live in Shenyang.,25,3
335721,B1,17,3,I'm thirty-eight.,20,24
335721,B1,17,4,"There're five people in my family: my parents, my husband ,my daughter and I .",20,25
335721,B1,17,5,My mother's sixty-two and my father's sixty-six.,20,25
335721,B1,17,6,My husband is same age as me.,20,25
335721,B1,17,7,My daughter's six.,20,25
335721,B1,17,8,All of we live in Shenyang together.,25,3
335721,B1,17,9,I can speak two languages: Chinese and English.,-1,3
335721,B1,17,10,I can drive and cook too.,13,22
335721,B1,17,11,I can swim.,7,22
335721,B1,17,12,but I can't dance and sing.,13,22
335721,B1,17,13,Write soon!,10,16
335721,B1,17,14,Lily,-1,8
79942,B1,21,0,Hi!,12,1
79942,B1,21,1,friend I think you should buy clothes: The blue sweater is nice It's $59.,6,17
79942,B1,21,2,"The sneakers are great, but is expensive it's $199.",6,18
79942,B1,21,3,"The sunglasses are excelents, and is cheap it's $29 The black shirt is nice because is cheap it's $39 See you!",6,17
582961,B1,17,0,"White Space Associates Refutes Rival''s Claims In a bold move yesterday afternoon, White Space Associates denied claims from a rival company that shares procesSPprices had dropped dramatically.",21,-1
582961,B1,17,1,"These claims were made by Charles Lewis, CEO of Better Homes and he guessed that White Space Associates wasn''t up to the challenge.",21,-1
582961,B1,17,2,The CEO of White Space Associates appeared on the steps in front of the company''s HQ and accused accused DMr Lewis of spreading quot;malicious and unfounded rumorsquot;.,21,-1
582961,B1,17,3,"He also mentioned: quot;Since White Space was commissioned, by Mishima Corporation, to design and construct the Sun Tower Financial complex in Japan, it appears that the knives have been sharpened.AS Charles Lewis should be sure of his facts before making such outrageous and incendiary claims.",21,-1
582961,B1,17,4,If his intention was to infect my team with uncertainty then his strategy has backfired in a spectacular fashion.,-1,-1
582961,B1,17,5,White Space Associates are primed and ready and our designs have been approved by Mr. Mishima himself.,21,-1
582961,B1,17,6,We are ready to build this beautiful building.,19,33
582961,B1,17,7,"My advice to Better Home is: stick to what you do best, meanwhile we will continue to do what we do best, building for the futurequot;.",10,-1
1016291,B1,19,0,"I know a perfect hotel in another city, its a good place to rest and restore your energy.",-1,37
1016291,B1,19,1,"Its So Matheus Hotel, its stay at the mountain in Serra Negra City, the rate are reasonable and they have three pools, but there is no internet because.",-1,37
1016291,B1,19,2,"The price is reasonable too, around $ 250 a couple during a weekend.",16,18
143044,B1,17,0,Hi!,12,1
143044,B1,17,1,My name's Chen.,27,2
143044,B1,17,2,I'm from China.,25,3
143044,B1,17,3,I'm live Xian.,25,2
143044,B1,17,4,I'm thirty- six.,20,24
143044,B1,17,5,"There are three people in my family; my mother, my father and I.",20,25
143044,B1,17,6,My mother sixty-nine and my father seventy-two.,20,25
143044,B1,17,7,We live in College Street.,29,38
143044,B1,17,8,I can speak Chinese and English.,-1,3
143044,B1,17,9,"I can ride a bike, drive and cook, but I can't swim.",7,22
143044,B1,17,10,Goodbye!,2,0
143044,B1,17,11,Chen.,-1,8
486163,B1,17,0,"Hi, Brigit!My name's Jay.",-1,2
486163,B1,17,1,I'm from China.,25,3
486163,B1,17,2,I live in Yichang.,25,3
486163,B1,17,3,"I'm twentyPU -PU seven.There are five people in my family: my mohterSPmother, my father, my grandmother, my sister and I.",20,25
486163,B1,17,4,My mother's fortyPU -PU eight.,20,25
486163,B1,17,5,My father's fiftyPU -PU five.,20,25
486163,B1,17,6,My grandmother's eightyPU -PU six.,20,25
486163,B1,17,7,My sister's twentyPU -PU five.,20,25
486163,B1,17,8,"My sister lives in Linfen, Shanxi.I can speak Chinese and English.",25,3
486163,B1,17,9,How many languages can you speak?,-1,3
486163,B1,17,10,"I can ride a bike, drive and cook.",13,22
486163,B1,17,11,I can sing but I can't dance.,13,22
486163,B1,17,12,I can't swim.Bye!Jay.,7,22
1153432,B1,18,0,My hometown is Uberaba.,-1,3
1153432,B1,18,1,It's in the south to Brazil.,11,3
1153432,B1,18,2,It's in the moutainsSPmountains in a beautiful place.,30,37
1153432,B1,18,3,It's about 1000 kilometers from Rio.,11,3
1153432,B1,18,4,There's a light that never goes out.,-1,36
1153432,B1,18,5,"I don't live there today, but aDMWI  want to comeWCgo back soon.",31,37
187261,B1,22,0,"Name: Khetlen, but my family say AGsays Bilu!Age: 27XCTwenty-seven years oldBirthday: 20/09Like doing: listening to music, watching TV, studingSPstudying English, eating out with my daugtherSPdaughter.Lives in: Irati Town, South of BrazilFavorite Season: summerAnimal: dogTime: morning",25,3
743204,B1,18,0,"On saturdayCSaturday at 11:30PU, he goes swimming in the morning.",23,19
743204,B1,18,1,"In the afternoon at 12:30PU, he eats lunch.",23,20
743204,B1,18,2,"On Sunday morning at 11:00, he goes to the park wihtSPwith friends.",23,19
743204,B1,18,3,"At 11:30PU, they play tennis.",23,19
76677,B1,19,0,"Hi, my room is finished.",19,30
76677,B1,19,1,It's beautiful!,10,33
76677,B1,19,2,"There are table, tv,chair, old sofa and window.",19,30
76677,B1,19,3,My room is beautiful.,19,30
312825,B1,21,0,"Hi, Why don't you buy this beige sweater at 23 $.",6,17
312825,B1,21,1,I think you should buy this orange summer skirt at 11 $.,6,17
312825,B1,21,2,"The red hat is nice for you , and at 9 $ he is cheap.",-1,18
312825,B1,21,3,How about this purple top?,6,18
312825,B1,21,4,These pants is expensive.,6,18
312825,B1,21,5,Bye,2,0
537884,B1,23,0,"Hi, can you buy me a chicken, a can of tomatoes, a bag of potatoes, bread, orange juice, olive oil, eggs and 2 cucumbers.",28,39
537884,B1,23,1,Buy something for the dessert.,28,39
537884,B1,23,2,All this is for the dinner with our friends.,24,-1
537884,B1,23,3,I will see you!,10,16
537884,B1,23,4,Bye!,2,0
1104629,B1,17,0,"Rock n' Roll Hi, myCMy name's Claudio,PU.",27,2
1104629,B1,17,1,I'm 32 years old.,20,24
1104629,B1,17,2,I have a Rock n' Roll band.,13,22
1104629,B1,17,3,I can play the drums.,13,22
1104629,B1,17,4,"I'm ARa good drummer,PU.",13,15
1104629,B1,17,5,"I usually play the drums on the weekends at morningPU, but sometimes iCI play at night.",13,-1
5644,B1,18,0,Saturday in the morning half past eleven he go swimming and twelve- thirty eat lunch.,23,19
5644,B1,18,1,"In afternoon at four o'clock he read emails and at six o'clock eat dinner, at ten o'clock he watch tv.",23,19
5644,B1,18,2,"Sunday in the morning at eleven o'clock he go the park meet friends, and half past eleven we play tennis.",23,19
5644,B1,18,3,"In the afternoon at three o'clock he go shopping and at eight o'clock evening he go to cinema, and ten o'clock he go to bed.",23,19
898973,B1,19,0,I can recommend the Jaragua Hotel.,-1,37
898973,B1,19,1,It's right on Santo Domingo Malecon.,11,-1
898973,B1,19,2,It's a BeautifulCbeautiful Hotel.,-1,37
898973,B1,19,3,Chotel.,-1,8
898973,B1,19,4,"The RoomsCrooms are big with confortableSPcomfortable bed, has a clean and modern BathroomCbathroom and beautiful view.AS The services are excellent and the rates are reasonable, it's around 200 per night.",-1,18
898973,B1,19,5,"The hotel has a modern FitnessCfitness Center, Ccenter, GoodCgood Food, Cfood, SwimmingCswimming Pool, Cpool, CasinoCcasino and ARa great Beach.Cbeach.",-1,-1
814328,B1,21,0,"In my country RS, in Dgenerally the cost of living is not so expensive.",16,18
814328,B1,21,1,"There MWare some places in that some products are more expensive RS, in others MWplaces they are cheaper.",16,18
814328,B1,21,2,"The food isn't expensive, MWand the clothing too.",16,18
814328,B1,21,3,The public  RStransportation is more expensive and MWit isn't good.,21,18
814328,B1,21,4,"I think, MWit's because MWwe don't have a lot of kidsSPkinds of tranportationSPtransportation.",21,18
814328,B1,21,5,The heathcareSPhealthcare also isWOis also expensive.,16,18
814328,B1,21,6,I wish that increasing.,16,16
100042,B1,18,0,"Mike's schedule of weekend The schedule of Mike at weekend is below: On saturday, in the morning, he will go swimming at 11:30am, in the after noon, at 12:30pm, he eats lunch, he reads emails at 4:00pm, he eats dinner at 6:30pm, in the evening, he watches TV at 10:00pm.",23,19
100042,B1,18,1,"On sunday, in the morning, he will go to the park at 11:00am and play tennis with his friends at 11:30am, in the afternoon, he goes shopping at 3:00pm, in the evening, he goes to the cinema at 8:00pm, he often go to bed at 10:00pm.",23,19
299490,B1,24,0,Hi!,12,1
299490,B1,24,1,I can spend $ 10 too.,6,18
299490,B1,24,2,"Our teacher likes rare books, plants in a pot, ISandmusical instruments.",-1,-1
299490,B1,24,3,She doesn't like costume jewellery and sweeties.,6,14
299490,B1,24,4,We can buy a lemon IStree in a pot.,-1,39
299490,B1,24,5,It is beautiful and inexpensive!,10,33
299490,B1,24,6,What do you think about it ?,10,8
299490,B1,24,7,Good bye!,2,0
457945,B1,18,0,In the morning on Saturday he goes swimming at 11:30am and has dinner at 6:00pm.,23,19
457945,B1,18,1,"On Sunday, he plays tennis at 11:30am and he goes to the cinema at 8:00pm in the evening.",23,19
208847,B1,19,0,"Hi, my house is finished.",19,30
208847,B1,19,1,It's great and beautiful!,10,33
208847,B1,19,2,There are two aD blue sofaPLsofas in the living room.,19,30
208847,B1,19,3,There is a white stove in the kitchen.,19,30
208847,B1,19,4,There are a two table PLtablesin the kitchen.,19,30
208847,B1,19,5,In my bedroom has a black bed and a black wardrobe.Bye!,19,30
592442,B1,20,0,"HiPU, you are on the corner PRof Gold street CStreet - Liverpool Road.",29,38
592442,B1,20,1,Take Liverpool Road.,29,38
592442,B1,20,2,"Turn left at the next Avenue,(Green Avenue) my home is on left, opposite to the park.",29,38
662410,B1,18,0,"The city of Ipia, in BazilSPBrazil, is about 460 kilometers from Salvador.",11,3
662410,B1,18,1,"It's on the north costSPcoast of Brazil, right next to the OceanCocean.",11,3
662410,B1,18,2,"The city has many beautiful, good places and ARa very beautiful river.",30,37
662410,B1,18,3,Every summer there is a festival.,13,11
662410,B1,18,4,The people visit Ipia in the summer.,-1,26
662410,B1,18,5,In DIpia has a valued mineral for exportation.,-1,8
1156842,B1,22,0,"I am a student, but I work in the univesitySPuniversity.",21,43
1156842,B1,22,1,I'mWCI monitor ofD different courses.,21,-1
1156842,B1,22,2,I'm responsible for fifteen students.,21,43
1156842,B1,22,3,I report to the DiretorSPDirector of the university.AS I workWChave been working at university for one year.,21,42
1156842,B1,22,4,I'm very happy with me job.,21,29
937057,B1,22,0,"Name: Jabari Age: 25 Birthday: 22nd July Like DoingCdoing: singing, reading ARa book, listening to music, MW and playing basketball Lives in: Chengdu, China Favorite Season: autumn Animal: dog Time: evening Day: Saturday Number: 7",25,3
485922,B1,19,0,"Hi, my room is finished.",19,30
485922,B1,19,1,It's beautiful!,10,33
485922,B1,19,2,"There is a TV and computer in my living room.There are two sofas and one bed in my bedroom.PU There are AGis ISa microwareSPmicrowave and refriratorSPrefrigerator in my kitchen.MWBye,MWXXX",19,30
777919,B1,23,0,"Hi,AS can you buy me some food?",28,39
777919,B1,23,1,a can of beer one packet of apples a bottle of orange juice some bread a bowl of noodlePLnoodles thanksCThanks!,28,39
777919,B1,23,2,BybSPBye!,9,8
697969,B1,20,0,The Carnival party is my favorite.,13,11
697969,B1,20,1,"This big party lastAGlasts PRfor a week and in some cities up to two weeks.AS The carnival is celebrated in many cities, but the best known is PRin So Paulo, Rio de Janeiro, Salvador, Recife and Olinda.",13,11
697969,B1,20,2,PRFor the Carnival in So Paulo and Rio de Janeiro the DpersonPLpeople wear costumes and parade dancing samba.,13,11
697969,B1,20,3,In other cities they have local tradition.AS I usually travel with my family atPRto the carnival week.,13,11
697969,B1,20,4,"MWI TakeCtake this opportunity to be with family and have fun with them, because they do not like to dance and MWdo not MWwant to see the parades.",13,11
865813,B1,19,0,Pekin hotel in the DAraatuba city Dis very good.,-1,37
865813,B1,19,1,"itCIt''s close to dowtown, about 15 minutes walkingMWwalking distance RS,PU.",29,37
865813,B1,19,2,"RSthey are roons cleanEXThe rooms are clean and reasonablesSIreasonable RS, but they aren''t modern, ARthe ratePLrates MWare around $ D50 dollars RS.",-1,18
865813,B1,19,3,"theyCThey areEXhave ARa restaurant chineseWOChinese restaurant foodD RS,PU.",28,39
878122,B1,22,0,My name is Wenfeng.,27,2
878122,B1,22,1,I am 25.,20,24
878122,B1,22,2,My birthday is PRon 2nd April.AS  RSI like reading and cooking.,8,32
878122,B1,22,3,"I don't like washing dishes.AS  RSI live in JiangyinPU, Jiangsu China.AS  RSMy favorite season is autumn.",22,26
878122,B1,22,4,I love dogs.,-1,33
878122,B1,22,5,My lucky number is 4.%% I like the time of night.,24,19
878122,B1,22,6,Everyday is very well for me!,-1,-1
247295,B1,18,0,My friend is very busy.,5,35
247295,B1,18,1,On Saturday.,-1,12
247295,B1,18,2,"In the morning, He goes swimm at 11:30.",23,19
247295,B1,18,3,"At 12:30, he eates her lunnch.",23,20
247295,B1,18,4,"In the afternoon, At 4 o'clock, he reades her emails.",23,19
247295,B1,18,5,He eates dinner at 6 o'clock.,23,20
247295,B1,18,6,then he like watching TV at 10 o'clock.,23,19
247295,B1,18,7,"On Sunday.In the morning, he goes to the park with her friends.",23,19
247295,B1,18,8,then they play tennis at 11:30.,23,19
247295,B1,18,9,"In the afternoon, he goes shopping at 3 o'clock.",23,-1
247295,B1,18,10,"In the evening, At 8 o'clock, he goes to the cinema.",23,19
247295,B1,18,11,"At 10 o'clock, he goes to bed.",23,-1
589707,B1,18,0,"The curySPcity osPRof Rio de Janeiro, in Brazil, is about 1200 kilometers from Salvador.",11,3
589707,B1,18,1,"It's osPRon the east coast osSPof Brazil, right next to the Bangu.",11,3
589707,B1,18,2,"The city has many beautiful girls, old buildings and a lot of parks.",30,37
589707,B1,18,3,Every summer there is a carnival.,13,11
589707,B1,18,4,Many people like to visit Rio de Janeiro in the Dsummer and also ARthe carnival.,11,11
589707,B1,18,5,"Bye, RS Waldir.D",2,0
899546,B1,20,0,I lovePR to celebrate New Year''s.,8,31
899546,B1,20,1,All the people in the streets usually watch the big fireworks show.,13,11
899546,B1,20,2,They drink champagne and eat specials foods.,28,39
899546,B1,20,3,"But in this year I have a diffentSPdifferent programPU, I''m going to Amazon jungle with my family.",31,11
899546,B1,20,4,My wife and my son are very excited by the new experience.,10,34
1096805,B1,20,0,The Spring festival in China is very popular.,13,11
1096805,B1,20,1,This is a big festivalPR that lasts for 15 days.,13,11
1096805,B1,20,2,People usually make all kinds of delicious food.,28,39
1096805,B1,20,3,People visit their family during the festival.,13,11
1096805,B1,20,4,"They watch TV or go to the movies.AS The children can play fireworks,AS but it's some dangerous for them.",13,19
1096805,B1,20,5,I usually eat good meals and visit my family.,24,-1
339596,B1,24,0,Hi!,12,1
339596,B1,24,1,"Teacher likes reading books, So maybe I can buy one book to she.But I don't like reading books.",-1,-1
339596,B1,24,2,"I love the flowers, but the flowers are expensive.",16,18
339596,B1,24,3,I just have $10.,6,18
339596,B1,24,4,"Teacher likes eating chocolate, So a packet of chocolate is a good idea.",-1,39
339596,B1,24,5,Best Regard.,-1,5
339596,B1,24,6,Leila,26,8
113475,B1,18,0,This is the weekend of my friend.,10,12
113475,B1,18,1,On Saturday in the morning he goes swimming at eleven thirty.,23,19
113475,B1,18,2,In the afternoon he eats lunch at twelve thirty and reads emails at four o'clock.,23,19
113475,B1,18,3,In the evening he eats dinner at six o'clock and watches TV at ten o'clock.,23,19
113475,B1,18,4,On Sunday in the morning he goes to the park at eleven o'clock and plays tennis at half past eleven.,23,19
113475,B1,18,5,In the afternoon he goes shopping at three o'clock.,23,-1
113475,B1,18,6,In the evening he goes to the cinema at eight o'clock.,23,19
113475,B1,18,7,At night he goes to bed at ten o'clock.,23,-1
680221,B1,24,0,she will think wifh i'm lovely her,1,33
310161,B1,18,0,In PROnSaturday at 11.30am I PShego WCgoes swimming.,24,19
310161,B1,18,1,At 12.30pm I PShe eatWCeats lunch.,24,20
310161,B1,18,2,At 4.00pm I PS hereadWCreads my emails.,24,19
310161,B1,18,3,At 6.00pm I eat WChe eatsdinner.,24,20
310161,B1,18,4,At 10.00pm I watch WChe watchessport inWCsports on theD TV.,24,19
310161,B1,18,5,In PROnSunday 11.00am I go WChe goesto park.,-1,19
310161,B1,18,6,At 11.30am I play WChe playstennis.,24,19
310161,B1,18,7,At 3.00pm I go WChe goesshopping.,24,12
310161,B1,18,8,At 8.00pm I go WChe goesto the cinema.,24,19
310161,B1,18,9,And at 10.00pm I go WChe goesto bed.,24,-1
411290,B1,19,0,"Hi, my room is finished.",19,30
411290,B1,19,1,It's beautiful!There are two colors on the wall.,10,33
411290,B1,19,2,There is a bed and also a small refrigerator.,19,30
411290,B1,19,3,InD Opposite the bed is the TV.There is a table and on the table is the computer.,19,30
411290,B1,19,4,There is a chair as well.See yaSPyou!,19,30
138461,B1,22,0,"Name: Charlie kimCKimage: 15 years oldLike doing: playing ping-pongLive in: korea CKorea PU,seoulCSeoulFaveriteSPFavoriteSeason: summerAnimal: All of insectPLinsects!Day: sundayCSundayNumber: 519f",25,3
12250,B1,18,0,"On saturdayCSaturday morningPU,  you get HLyou get up at 10 o'clock, you have aHLyou have a breakfast at 11 o'clock.",24,21
12250,B1,18,1,"You go HLYou go to the park with friends at 12:30, play voley HLvoley at 1:00pm.",24,19
12250,B1,18,2,Running with yourHLyour friends at 2:00 o'clock.,24,19
12250,B1,18,3,Go to home HLGo to home at 2:30pm and at 3:00 o'clock have lunch.,24,20
12250,B1,18,4,ISWord Limit<< The rest of afternoon you have free time.,24,19
12250,B1,18,5,"In the night, at 7:00 watch TV, at 10:00 o'clock go to Cafe find your girlfriend.",24,19
12250,B1,18,6,"On sunday, go running in the park at 10:00.",23,19
12250,B1,18,7,Have lunch at 12:30.,24,20
12250,B1,18,8,"In the afternoon, find your girlfriend, at 3 o'clock and go to the cinema.",24,19
12250,B1,18,9,In the night at 7:00 o'clock read emails and at 8 o'clock watch TV.,24,19
12250,B1,18,10,Go to bed at 9:30 o'clock.,24,-1
1159371,B1,21,0,"In my country the pricePLprices are expensive,PU.",16,18
1159371,B1,21,1,"example Dthe DcomputersSPComputer games and technology its so expensive,PU.",16,18
1159371,B1,21,2,"inPRAt the beach the food is cheap,PU.",31,-1
1159371,B1,21,3,theCThe utilietiesSPutilities are increasing with the new tax.,16,18
1104105,B1,22,0,I'm workWCworkingPR in the Purchasing Department of ARthe Post Office.,21,42
1104105,B1,22,1,"Before, I worked with international service post.",21,42
1104105,B1,22,2,I was responsible for Gois State.,15,-1
1104105,B1,22,3,I treinedSPtrained thePRin personalAS sales and MWin how to deal with the costomersSPcustomers.,21,42
1104105,B1,22,4,IAS like a lot of this workWOthis work a lot.,21,-1
1104105,B1,22,5,I reported to the DirectorPR of Sales.,21,42
1104105,B1,22,6,"Before that, I was aARan university student.",21,43
1104105,B1,22,7,I studied Economy.,21,43
316929,B2,25,0,I live in turkey.I am a businessman.I like my job.It's very exciting for me.I usually go on business trips.Our company produce leather garments.We are selling our product to europe.I get plane on business trips.I always have meetings.There are twelve employer my company.,21,-1
101275,B2,27,0,"Hi JanePU,I am planning a party in JunePU,  on Sunday 12th,PU at 11am.PU Because Dit's CIt's my birthday.PU I am sending invitations to 10 of my friends and I hope they are all coming.PU I am cleaning the swimming pool and house.PU I prepare XCwill organizejuice,PU cola,PU fruits and salad.PU Mary is making a cake andshe is bringing some candysSPcandies.PU Jason prepared XCwill plantwo party games.I hope you can come.Jake",8,32
307624,B2,30,0,My Name is Gaby.,27,2
307624,B2,30,1,I was born in 1974.,21,-1
307624,B2,30,2,I started primary school in 1981.,21,28
307624,B2,30,3,"When I was young I played the piano but I stopped playing the piano, because the teacher was too expensive and my parents don't wont to pay the price.",13,18
307624,B2,30,4,After scholl I started working in 1991.,21,28
307624,B2,30,5,Now I'm a secretary and I have changed my jobs many times.,21,42
307624,B2,30,6,I don't like my job.,21,23
70043,B2,31,0,"Dear Julia, I'm very angry because I did most of the chores this week.",22,36
70043,B2,31,1,Let me tell you what I did this week.,10,16
70043,B2,31,2,On monday CMonday MWI did the laundry and ironing.,22,13
70043,B2,31,3,On Tuesday swept and mop VTmopped the floor.,22,13
70043,B2,31,4,I washed the dishes on wednesday CWednesday morning.,22,13
70043,B2,31,5,I did the shopping ARthe next day.,-1,12
70043,B2,31,6,On Friday I was very tired.,24,-1
70043,B2,31,7,So the next day I washed my car because it was very dirty.,22,13
70043,B2,31,8,So my flat is clean now but I had to work very much.,22,36
700597,B2,27,0,thereCThere was a murder in my city last montheSPmonth in albaha CAlbaha street.,15,7
700597,B2,27,1,someoneCSomeone killed a woman.,15,7
700597,B2,27,2,theCThe police thought it was theft.AS it WCThey arredtedSParrested the thef.SPthief.,15,7
151243,B2,25,0,I love my job.,21,-1
151243,B2,25,1,I'm secretary.,21,42
151243,B2,25,2,I sometimes talk on the phone and will send emails.,21,27
151243,B2,25,3,I usually work long hours and take short breaks.,5,36
391573,B2,25,0,"I work in tecnology informationWOinformation technology MWsector,NS.",21,42
391573,B2,25,1,"iCI am charge PRof servers, monitoring infraestructureSPinfrastructure like aD routers, switches and operative system on servers.",-1,-1
391573,B2,25,2,iCI have aD meetings very often because PRof proyectsSPprojects orWCand activities.,-1,27
391573,B2,25,3,"sometimesCSometimesPU, my work is tyringNSWtiring because MWI worlkSPwork for long hours, but sometimes MWit is very exciting becouseSPbecause PRin proyectSPproject MWI help people and the company to compliance the golsSPgoals.",21,36
391573,B2,25,4,iCI always have ARa break MWand it is realySPreally very interesting and the company is great.,-1,27
143849,B2,25,0,I'm a manager and I work with e-business.,21,42
143849,B2,25,1,"I like my jobPU, because I like what I do.",21,-1
143849,B2,25,2,"It's difficultPU, but it's rewarding.",21,-1
143849,B2,25,3,I always send emails and I often talk toPRon the phone.,21,27
143849,B2,25,4,Sometimes I have meetings and I rarely go on business trips.,21,27
143849,B2,25,5,I always work long hours.,5,36
143849,B2,25,6,"I like my coworkersPU, but I don't like my bossPU, because he's very boring.",21,-1
248017,B2,31,0,"Dear Julia,I'm very angry because iCI did most of the chores this week.",-1,36
248017,B2,31,1,Let me tell you what iCI didPU.,-1,15
248017,B2,31,2,ISI washed the dishes on Monday.,22,13
248017,B2,31,3,I washed the dishes on Wednesday.,22,13
248017,B2,31,4,I paiedNSWpaid the bills on Thursday.,-1,12
248017,B2,31,5,I made the bed on Friday.,22,13
248017,B2,31,6,I did the shopping on Saturday.,-1,12
248017,B2,31,7,I vacuumed on Sunday.,22,13
248017,B2,31,8,"For your information.ISRegards,Nipaporn",-1,8
899915,B2,27,0,There was a murder in my city yesterday RS.AS A father killed his sunSPson.,15,7
899915,B2,27,1,The police found his body in theARa car.,15,7
899915,B2,27,2,"After three days RS,AS they arrested the father RS.",15,7
899915,B2,27,3,He was very scared and nervesWCnervousPU.,-1,-1
725430,B2,27,0,"Hi, my friends, I'm having a party at ARaclub on Sunday,ARthe 27thSPTh PRofApril at 13pmWC1pm.",8,32
725430,B2,27,1,It will be my birthday!!!,8,32
725430,B2,27,2,"At the party,MWwe have many foods, drinks and sweets.",28,39
725430,B2,27,3,I'm thinking of doing a barbecue!,-1,39
725430,B2,27,4,There will be forty people.,8,32
725430,B2,27,5,The club is at 51 Harry's Avenue.,29,38
725430,B2,27,6,See you there!,10,16
725430,B2,27,7,Rosana,26,8
882036,B2,29,0,"Dear Joane, Thanks for wentWCgoing to the party with me.",8,-1
882036,B2,29,1,I had a great time togetherPRwith you.,10,31
882036,B2,29,2,The party was better with you.,8,-1
882036,B2,29,3,I liked MWit so much toD speakWCspeaking with you.,21,-1
882036,B2,29,4,I hapeSPhope that we meet next saturdayCSaturday at night.,-1,19
882036,B2,29,5,I'm anxious to see you again.,10,16
882036,B2,29,6,"Sincerely, Conrado.",-1,8
405796,B2,32,0,"Hi granny, How are you look at my photos: In the first picture there is a beautiful women that see a sea on the lighthouse pier and wearing a white t-shirt and pink pants.",17,-1
405796,B2,32,1,In the second picture there is a teen-ager in the pubblics gardens strolling and wearing a black shirt.,1,14
405796,B2,32,2,"In the third picture there are two lovers sitting in the park holding hands and wearing a grey jeans with a T-shirt, the man wearing a jacket with a yellow scarf.",17,4
405796,B2,32,3,Three photographs in the weather is not very good seems to fall.,3,26
405796,B2,32,4,Good bye.,2,0
1206110,B2,27,0,There was a crime in my city last week.,15,7
1206110,B2,27,1,"A man with a knife tryVTtried to kill herWChis wife in the middle of the street, but finally he gave up and he stabbed himself.",15,7
1206110,B2,27,2,The neighbor's manD called 193 and helped him.,15,16
1206110,B2,27,3,All of us were astonished.,-1,-1
693437,B2,26,0,"Dear Mrs Debee,AS thank you for your help.AS This is my family''s routine:AS Seam plays basketball every day and he plays computer games at 6 PM.AS He watches movies on Saturday at 5 PM.",23,19
693437,B2,26,1,Granny does the laundry on Tuesday aftenoonSPafternoon.AS She does the gardening in the morning and setWCsets the table at 6 PM.,22,13
693437,B2,26,2,I feed the dog at 8 AM and I feed the dog again at 5 PM every day.%%I walk the dog in the aftenoonSPafternoon.,4,9
194443,B2,32,0,"Hi granny, How are you?",0,-1
194443,B2,32,1,Look at my photos.,17,-1
194443,B2,32,2,My friend Jenny .,17,-1
194443,B2,32,3,We went to the beach.,31,37
194443,B2,32,4,She is wearing red trousers and white top.,1,14
194443,B2,32,5,We felt rerax.,-1,-1
194443,B2,32,6,My friend is John.,17,-1
194443,B2,32,7,He is wearing sunglasses.,1,4
194443,B2,32,8,I went to the park last Sunday with him.,23,19
194443,B2,32,9,We had chat about work.,21,-1
194443,B2,32,10,My boyfiend takeshi is wearing yellow scarf .,1,4
194443,B2,32,11,He has short black hair and black eyes.,1,4
194443,B2,32,12,He is very kind and clever.,21,29
194443,B2,32,13,I am very happy .,-1,29
361027,B2,25,0,I'm a teacher.,21,43
361027,B2,25,1,I like my job.,21,-1
361027,B2,25,2,It's exiting!,2,0
361027,B2,25,3,"In my job, I always teach people and I always help people.",21,36
361027,B2,25,4,Occasionally I talk on the phone and write emails to my students.,21,27
361027,B2,25,5,I never go on business trips.,21,-1
361027,B2,25,6,Sometimes I have meetings.,21,27
361027,B2,25,7,I'm always busy.,5,35
361027,B2,25,8,"When I finish workPU, I feel very tired.",24,6
361027,B2,25,9,I usually go home late.,24,21
635463,B2,25,0,"i'mCI'm ronanCRonan, i'mCI'm a manager.",21,42
635463,B2,25,1,"myCMy job it'sEXis so easy because iCI only talk on the phone, write and send emails.",-1,27
635463,B2,25,2,"sometimesCSometimes iCI help peoplesWCpeople, sometimes RS iCI have meetings and sometimes iCI go on business trips.",-1,27
635463,B2,25,3,sometimesCSometimes iCI go home late.,-1,21
635463,B2,25,4,"rarellySPRarelyPU, iCI have problems, iCI love my job because iCI work with my family.",-1,27
838576,B2,29,0,"June 11, 2013 Dear Yahya, Thank you so much for the gift.",8,5
838576,B2,29,1,It is very wonderful and useful.,10,34
838576,B2,29,2,I am very happy.,-1,29
838576,B2,29,3,I hope to see you again soon.,10,16
838576,B2,29,4,"RS Sincerely, Khadejah",-1,8
712413,B2,32,0,"Hi granny, How are you?",0,-1
712413,B2,32,1,Look at my photos.,17,-1
712413,B2,32,2,"In the first photo, she is Susan, SheSPshe went traveling.",17,-1
712413,B2,32,3,She is pretty.,1,33
712413,B2,32,4,"In the second photo, he is Tom.",17,-1
712413,B2,32,5,He is cool and handsome.,21,33
712413,B2,32,6,He took a walk in the park.,-1,-1
712413,B2,32,7,"In the last photo, they are my friends, Jim and Tina.",17,-1
712413,B2,32,8,They hadAS ARa pefectSPperfect date.,21,32
712413,B2,32,9,They were happy.,-1,29
1091486,B2,29,0,"December 16, 2013 Dear Mum, Thank you for the fabulous dinner of last fridayCFriday.",8,-1
1091486,B2,29,1,The food was very delicious: I love when you cook for me my favorite foods.,28,39
1091486,B2,29,2,I very like your Christmas tree and all the other decorationPLdecorations.,8,33
1091486,B2,29,3,I hope that you can visit me very soon.,10,16
1091486,B2,29,4,"If you are free, you can go WCcome next sundayCSunday.",-1,11
1091486,B2,29,5,"Love, Clara",26,-1
818066,B2,28,0,I was born in 1961.,21,-1
818066,B2,28,1,I got my first car when I was 22.,21,28
818066,B2,28,2,"After I graduated from university, I traveled abroad.",31,-1
818066,B2,28,3,The next year I got my first job and met Frederick.,21,28
818066,B2,28,4,"I moved away from home when I was 29, to get married RS.",21,28
818066,B2,28,5,"When I was 30, I had my first child.",20,-1
818066,B2,28,6,"NowPU, we hadVThave two grandchildren.",20,25
462548,B2,27,0,"Hello everybody!I'm planning a party on Thursday, 6th May, 1pm in PRatthe D# Yellow Street.",8,32
462548,B2,27,1,I WCI'm send WCsending 15 invitations to my closest friends.,8,32
462548,B2,27,2,Jessica will make chicken sandwiches.,28,39
462548,B2,27,3,"Juan and DavidMWwill carry WCbringsome water and wine, and Maria leads WClovesdance music.",-1,39
462548,B2,27,4,"The other friends takes WChavethe Dgood energy.I hope MWyouallMWcome!Thanks,Carolina",8,32
444663,B2,30,0,My name is Dauter.,27,2
444663,B2,30,1,I was born in 1970.,21,-1
444663,B2,30,2,"When I was youngPU,  I lived in Sao Paulo, but now PS I live in Campo Grande.",11,3
444663,B2,30,3,I started school in 1975.,21,28
444663,B2,30,4,I started working in 1989.,21,28
444663,B2,30,5,I was in AR the University PR of law CLaw when I was 23 yearsIS old.,21,28
444663,B2,30,6,I graduated in 1997.,21,28
444663,B2,30,7,DI bought my house in 1996.,-1,28
444663,B2,30,8,"I do WC am not got Dmarried, because I prefer the single life.",21,-1
444663,B2,30,9,DI am very happy now.,-1,29
652079,B2,25,0,"This saturday CSaturday morning, there is going to be a movie in the cinema.",24,19
652079,B2,25,1,This movie is about a man whith gainWCwho wins a lot of money in the loterySPlottery.,18,19
652079,B2,25,2,This man spend AGspends MWall the money in one year and take WCbecomes poor.,21,18
652079,B2,25,3,This movie start AGstarts at 10 a.m.,24,-1
652079,B2,25,4,Admission is free.,-1,-1
176663,B2,27,0,"Hi everyone, My birthday is on 6th May.",8,32
176663,B2,27,1,I'm having a party.,8,32
176663,B2,27,2,It starts at 1pm on Thursday.,24,-1
176663,B2,27,3,The place is in my house on No.,29,38
176663,B2,27,4,# Yellow Street.,29,38
176663,B2,27,5,Please come.,10,16
176663,B2,27,6,"We're having chicken sandwiches, bread, potatoes and fish.",28,39
176663,B2,27,7,We're having some water or some wine.,28,39
176663,B2,27,8,I'm inviting 30 guests.,8,32
176663,B2,27,9,We're playing and listening to dance music.,13,22
176663,B2,27,10,It is going to be great.,10,34
176663,B2,27,11,See you there!,10,16
176663,B2,27,12,Grace,26,8
768338,B2,30,0,"September 6MWth Hi GiovanniPU, How are you?",8,-1
768338,B2,30,1,"I'm in LondonPU, It's Cit's ARa very beautiful and ARa big city.",30,37
768338,B2,30,2,"The people speak English but I don'tPU, I speak English very well and then It's Cit's more difficult in order to eat and makeWCdo shopping.",-1,-1
768338,B2,30,3,"Tomorrow, I'll take a tour of London to see the amazing old buildings.",30,37
768338,B2,30,4,The city is very expensive but very wonderful and I think to stay more because to learn English.,30,-1
768338,B2,30,5,See you in aD next week!,10,16
768338,B2,30,6,"Salution, Giammarco",-1,8
1115339,B2,25,0,"this CThis Saturday afternoon , therePUafternoon, there is going to be a play in the theaterSPtheatre .",24,19
1115339,B2,25,1,PU.,-1,15
1115339,B2,25,2,theCThe play is DtalkingVTtalks about quiet children and noisy children .,-1,-1
1115339,B2,25,3,PUchildren.,-1,15
1115339,B2,25,4,theCThe play MWwill start at 1.p.m .PU1 p.m. the CThe ticket is not free MWand the price MWof the ticket MWis 10$SP$10PU.,-1,18
767943,B2,27,0,There was theft in my city last year.,15,7
767943,B2,27,1,A men broke into the house of a lady and stole $100 and a computer The police recognized the man and arrested him two days later RS.,15,7
767943,B2,27,2,"NowPU, It's everthingSPeverything OK with the lady.",10,15
523766,B2,25,0,"I'm Kingbo, I work for myself.",21,42
523766,B2,25,1,"I work in a crafts trading company, my job is PRtoserve my clientPLclients.",21,42
523766,B2,25,2,"I always talk on the phone and write Emails, sometimes I have meetings and go on business trips.",21,27
574449,B2,28,0,I was born in 1982.,21,-1
574449,B2,28,1,"I graduated from high school in 2000. afeter SPAfter the graduated WCgraduation, I moved out PR of my parent's house and bought my fist WCfirst apartamentSPapartment.",21,28
574449,B2,28,2,I also got my first job.,21,28
574449,B2,28,3,I got my first car when I was 23 yearsMW old.,21,28
574449,B2,28,4,Now I studies WCam studying for my second graduatedWCdegree.,21,43
574449,B2,28,5,",D after WCAfterwards, I planning WCplan to travel to new CNew yorkSPYork to celebrate.",31,37
509506,B2,25,0,I am a Eventmanager i love my Job.,21,-1
509506,B2,25,1,I work with Stars and Celebrities on Fairs and Events.,21,-1
509506,B2,25,2,My Job is very interesting.,21,-1
509506,B2,25,3,Today i will meet the Management of Herbert Grnemeyer in Bochum.,21,42
509506,B2,25,4,Sometimes i work 65 hours in one week thats very hard.,5,36
509506,B2,25,5,But the rest of my Job is really nice.,21,-1
1159897,B2,28,0,I was born in 19892016.,21,-1
1159897,B2,28,1,We had first child in 2019.,20,-1
1159897,B2,28,2,Now we have three kids!,20,25
540103,B2,25,0,I'm a research WCresearcher and i CI like my job.,21,-1
540103,B2,25,1,I always sit at a desk.,-1,-1
540103,B2,25,2,I sometimes talk on the phone and send emails.,21,27
540103,B2,25,3,I never clean the office.,21,-1
540103,B2,25,4,I like my job because it's very rewarding when iCI finished VTfinish the research.,21,-1
540103,B2,25,5,I rarely go home late but sometimes MWit is tiring.,24,36
540103,B2,25,6,I like my boss but sometimes he is very exigent to do the activities fast.,21,36
779883,B2,25,0,"This Sunday moon, on Fundidora Park there is going to be the roast world's largest.",30,11
779883,B2,25,1,The event starts at 12 p.m.,24,-1
779883,B2,25,2,The ticket costs $80 for adult and $40 for child.,-1,18
266531,B2,27,0,Hi!,12,1
266531,B2,27,1,My birthday on June 20th Wednesday.,8,32
266531,B2,27,2,I want have party this day.,8,32
266531,B2,27,3,I invite my friends to birthday celebration.,8,32
266531,B2,27,4,"I will treat with wine, a birthday cake, fruits and juice.",8,39
266531,B2,27,5,"There will be games, a good dance music.",13,22
266531,B2,27,6,After will go for a walk.,-1,-1
266531,B2,27,7,I will be glad to see my friends on the birthday.,8,32
266531,B2,27,8,I hope you can come.,10,16
266531,B2,27,9,"Bye,Guzyal.",2,0
930766,B2,29,0,"Dear Peter, Thanks so much for inviting me for dinner last nigh.SPnight.",8,-1
930766,B2,29,1,I had a great time with you.,10,31
930766,B2,29,2,"Your house is really beautiful and comfortablePU, and the food was delicious.",28,39
930766,B2,29,3,I hope MWtosee you next week.,10,16
930766,B2,29,4,"sincerely,CWeek.sincerely, Kelly",-1,8
1129712,B2,25,0,I'll goingVTbe going to joinWCattend a concert on mondayCMonday night.,13,11
1129712,B2,25,1,The performWCperformance is by Springfield Group.,13,27
1129712,B2,25,2,They will perform the classicalARclassical music at ChungAS Chen Park auditorium.,13,11
1129712,B2,25,3,The beginning time isEXIt begins atAS 7:00 pm.,24,-1
1129712,B2,25,4,theCThe admission is 300AS NTD for AdultPLadults and 100AS NTD for children.,-1,18
270503,B2,29,0,There are three peoples in my family.,20,25
270503,B2,29,1,My father is call V. He is an engineer.,21,42
270503,B2,29,2,He has short black hair and big eyes.,1,4
270503,B2,29,3,He like watching TV and going fishing.,-1,19
270503,B2,29,4,My mother is P. She was retired.,20,25
270503,B2,29,5,"She has curly,black hair and high nose.",1,4
270503,B2,29,6,She like to wear skirt.,6,14
270503,B2,29,7,I am Spark.,-1,2
270503,B2,29,8,I have short black hair too.,1,4
270503,B2,29,9,I love to wear T shirt and jeans.,6,14
270503,B2,29,10,We are a happy family.,-1,29
215308,B2,27,0,"You're invited to the most enjoyable party of this century!It's John's birthday, and ISwe have invited about 30 friends are about Dto celebrate it.",8,32
215308,B2,27,1,You're one of them!,12,16
215308,B2,27,2,"You can't lose this matchless, wonderful, fabulous party!Save WCNotethe date: Thursday 6th May, from 1pm on.Food, drinks, music and a lot of funISwill be there in the party..D.We are waiting for you, try to be there!ISRegards,",8,32
392891,B2,27,0,"Come have fun... What do you think of beautiful people, loud music, great drinks and some special sandwiches?",-1,31
392891,B2,27,1,It's wonderful!,10,34
392891,B2,27,2,When?,-1,8
392891,B2,27,3,"Thursday 6th May, 1pm.",-1,-1
392891,B2,27,4,Where?,-1,8
392891,B2,27,5,"No #, Yellow Street.",29,38
392891,B2,27,6,"If you accept my invite, will be you and more twenty-nine cool people!",8,32
392891,B2,27,7,I hope answers... Have a nice day!,10,31
704825,B2,30,0,"Hi DearC dearquot;PU, I'm very happiSPhappy.",12,29
704825,B2,30,1,Australian WCAustralia is on ARa beautiful and intrestinSPinteresting cityWC country.,30,37
704825,B2,30,2,"TomorrowPU, I MWwill go to the towers so today I MWwill go a PRto bed early.",-1,-1
704825,B2,30,3,I MWwill meet you I wan see in one daysWCsoon.,10,16
704825,B2,30,4,"TomorrowPU, CallmePU call me.",10,16
704825,B2,30,5,"LovePU, Claudia.",26,15
462290,B2,25,0,"i work in a big company, i'm sales assistent, i love my job because i help people, always i take breaks and sometimes have meetings, write emails, talk on the phone.my job is interesting and rewarding because i meet a lots of people and when i finish work i fell good",21,-1
149306,B2,27,0,"Hi Mary:PU, I am planning a birthday party in AugstSPAugust on Friday 26th, at 6PM.WC6 p.m.",8,32
149306,B2,27,1,I'll going toD invite 20 classmates and hope they 'll PUthey'll all comingVTcome .,8,32
149306,B2,27,2,Mum and my sister will help me to cook.,13,-1
149306,B2,27,3,PRFor Drink PLdrinks I'll prepare isXCwe will have  cola and beer.,28,39
149306,B2,27,4,Would you like to VTto have some music?,13,22
149306,B2,27,5,"I'll prepareXCarrange  to PRfor some dance music.Of course, I'll buy a big cake.",13,22
149306,B2,27,6,"I hope you 'll PUyou'll come to my birthday party.MWRegards PU, Demi",8,32
679723,B2,27,0,I live in Cabo Frio.,11,3
679723,B2,27,1,"Two boys were talking in front of the entrance of the building wereSPwhere they live, whenNS.",-1,38
679723,B2,27,2,"When they arrivedPU, two guys on a motorbike shot and killed severalMW people and took one of the boys.",15,7
538597,B2,25,0,I like my job Because Cbecause its very exciting.,21,-1
538597,B2,25,1,I always help poepleSPpeople.,21,36
538597,B2,25,2,I work in a hospital and i CI make poepleSPpeople sleep before their operation.,24,6
538597,B2,25,3,I sometimes have breaks but it's very tiring because i CI work for long hours.Its a good job.,5,36
1000963,B2,26,0,"February 25 ,2014 Dear Mr Lucas:PU, I am writing to highly recommend RS my classmate Robin Guo.",-1,-1
1000963,B2,26,1,I studyVTstudied with him for four montorSPmonths at EF Mr Robin Guo RS was our monitor.,21,-1
1000963,B2,26,2,He was very hardworkingAS and D and always RS likeAGlikes to help other students .He was also very efficient and well orgnanized .,21,36
1000963,B2,26,3,"Honestly, Robin guo is really a good person.Please feel free to contact me about Mr Robin Guo at xxx@qq.com Sincerely, Julie Zhou",-1,-1
961064,B2,25,0,The Beates is cameVTwill come PRto my city in julyCJuly torPRfor a big event.,13,11
961064,B2,25,1,The show  RSis onPRat ARthe Theatre Municipal on ARthe nithSPninth RS.,9,8
677838,B2,27,0,My city is very violent.,-1,7
677838,B2,27,1,"YestardaySPYesterdayPU, I amWCwas paying a phone bill in cash, now entered a thiefWCthen a thief entered RS, crying aloud RS: thisCThis is a robbery!",15,7
677838,B2,27,2,I freakeSPfreaked out and threw me to the grougSPground.,-1,-1
677838,B2,27,3,WasWCIt was a terrible experienseSPexperience .,-1,39
677838,B2,27,4,I hope this never happens to meMW again.,21,10
917787,B2,28,0,I was born in 1976.,21,-1
917787,B2,28,1,I graduated from college when I was 21.,21,28
917787,B2,28,2,I got my first job after I graduated.,21,28
917787,B2,28,3,I passed the CPA BoardCboard ExamCexam when I was 23.,21,28
917787,B2,28,4,I met my wife at work and we got married in 2001.,21,40
917787,B2,28,5,"After we got married, I moved out of my parent's house.",21,28
917787,B2,28,6,We had our first child in 2002.,20,-1
917787,B2,28,7,"After our first child was born, I also got my first car.",21,28
917787,B2,28,8,"In 2007, I sold my car and bought a new one.",21,28
563082,B2,27,0,"Dear friend, I invite you to my party Date: Tuesday 27th August, 19SP7 pm.",8,32
563082,B2,27,1,"Place: Beach, Copacabana Food: potato, chicken, sandwiches and hamburger.",28,39
563082,B2,27,2,"Drinks: Cola, refrigerant, juice, water and wine.",28,39
563082,B2,27,3,"Guests: 50 people Music: Ax, rock and dance music.",13,22
563082,B2,27,4,RS I hope you here.,10,16
563082,B2,27,5,Come!,10,16
563082,B2,27,6,RS Thanks!,9,5
563082,B2,27,7,The party will be great.,8,32
563082,B2,27,8,Bye.,2,0
821241,B2,30,0,"September 19 Dear SisterCsister, How are you?",8,-1
821241,B2,30,1,"RS I'm fine in my travel, the beautiful places, the city is wonderful, the people is very inteligentSPintelligent and funny.",31,37
821241,B2,30,2,"The food is very delicious, lot of restaurants and hotels.",28,39
821241,B2,30,3,Love Luciana,26,-1
215247,B2,29,0,My name is Nat.,27,2
215247,B2,29,1,I have a blue tee-shirt .,6,14
215247,B2,29,2,"My hair is short, blonde.",1,4
215247,B2,29,3,I have blue eyes.,1,4
215247,B2,29,4,"Next to me, my husband has a white shirt.",6,14
215247,B2,29,5,His hair is black and his eyes are brown.,1,4
215247,B2,29,6,"My son,IS John, is sitting on the chair.",17,-1
215247,B2,29,7,"His eyes are blue, like meWCmine.",1,4
215247,B2,29,8,But his hair is black like his father.,1,4
493218,B2,26,0,"Dear Mrs XXX, I have a routine with my dog.",4,9
493218,B2,26,1,"I feed the dog at 8am every day, It is very hungry in the mornings.",4,9
493218,B2,26,2,"Then I usually walk the dog in the afternoon, the exercise is good for it, and I feed the dog again at 5 pm every day.",4,9
493218,B2,26,3,"I love my dog, It's very cute!",4,33
493218,B2,26,4,Please take care with it,10,-1
349390,B2,26,0,Make the bed every day in the morning.,22,13
349390,B2,26,1,Feed the dog at 8am every day .,4,9
349390,B2,26,2,Walk the dog in the afternoon.,4,9
349390,B2,26,3,Feed the dog again at 5 pm every day.,4,9
349390,B2,26,4,Do the ironing once the week.,22,13
349390,B2,26,5,Make the dinner at 6 pm every day.,24,20
349390,B2,26,6,Wash the dishes at 7:30 every day.,22,13
925778,B2,29,0,"THER'ARTHREEpeopleSPThere are three people in my funny family,AS motherPU, father and I,AS my father MWis short and thin RS,AS he's a workman,AS he workAGworks toD hard every day.AS He has a strong body because he gymAGgyms often,AS he has short black hair RS,AS small black eyes,AS small ears,AS straight nose and ARa smiling mouth,AS he usually MWis wearing ARa T-shirt and jeansPU.",20,25
925778,B2,29,1,"MYSPMy mother is a workwomenSPwork woman,AS she has long long curly brown hair,AS big black eyes,AS she is tall,AS 170CM,AS she's very beautiful,AS iCI love them everyday.%%",1,4
686181,B2,32,0,"Hi granny, thisCThis is my girlfriend IsabelaSPIsabella, in the first picture.",17,-1
686181,B2,32,1,She is pretty and has long brown hair.,1,4
686181,B2,32,2,Did you she likeWCDo you like her?,21,-1
686181,B2,32,3,"The man in the second picture is my friend, his name is fabioSPFabio.",17,-1
686181,B2,32,4,He worked for me in the hospital.,21,6
686181,B2,32,5,inCIn the last picture areWCthat's my boss.,17,-1
686181,B2,32,6,theySIHe areAGis ARthe director executiveWOexecutive director in the hospital; heCHe is very conceited.,21,-1
686181,B2,32,7,RS good bySPGoodbye.,9,-1
993318,B2,25,0,This Sunday afternoon there is going to be a concert.,13,11
993318,B2,25,1,The admission is free and it starts at 3:00 pm PUp.m.,-1,-1
993318,B2,25,2,in a ourD park in Bad HomburgPU.,-1,37
748290,B2,25,0,"InPROn September 15th, there is going Dthe concert Offspring in Sao Paulo.",13,11
748290,B2,25,1,The concert startAGstarts at 5 o''clock in Credicard Hall.,13,11
284559,B2,28,0,Dear DillonMany thanks for your arrangement of my birthday party.I agree we are WCmustgo surfing.,8,32
284559,B2,28,1,I like surfing because it's so exciting.,7,26
284559,B2,28,2,But I think we can't go scuba diving.,7,23
284559,B2,28,3,It's too dangerous.Go sailing is a good idea.,-1,-1
284559,B2,28,4,It's so exciting and fun.,10,34
284559,B2,28,5,It can PHwill berelaxing to us.,-1,-1
284559,B2,28,6,I think we can play badminton.,7,23
284559,B2,28,7,Many people like play badminton.,7,23
284559,B2,28,8,AndCO and tonight we can singing WCsingat the DKTV.,13,19
284559,B2,28,9,It's so interesting and It can relax to us.PHrelaxingI believe it will be a very interesting party.,-1,34
284559,B2,28,10,I very muchPHreally look forward ISto this.,10,16
284559,B2,28,11,See you!Best wishesYolanda,-1,16
656073,B2,32,0,"Hi, Josefa.",-1,1
656073,B2,32,1,RS My holidays were wonderful!,8,31
656073,B2,32,2,Look at my photos.,17,-1
656073,B2,32,3,RS The first photo is MWof my sister Suzy.,17,-1
656073,B2,32,4,She's wearing a pink trousers and white top.,1,14
656073,B2,32,5,"She has long, brown hair.",1,4
656073,B2,32,6,RS She'sWCShe is very tall.,1,4
656073,B2,32,7,In the second photo is my husband Bob.,17,-1
656073,B2,32,8,He's wearing a black T-shirt.,1,14
656073,B2,32,9,"He has short, blond hair and ARa big nose.",1,4
656073,B2,32,10,He is handsome.,1,33
656073,B2,32,11,RS The third photo is MWof the friends that I met on ARthe holiday.%% On the left is Kynna.,17,-1
656073,B2,32,12,She wearing jeans and cream blouse.,1,14
656073,B2,32,13,"She has short, black hair.",1,4
656073,B2,32,14,She is very thin.,1,4
656073,B2,32,15,On the right is Bern.,29,8
656073,B2,32,16,She wearing gray pants and blouse.,1,14
656073,B2,32,17,"She has short, black hair.",1,4
656073,B2,32,18,"RS Kisses, bye.",2,0
95324,B2,27,0,"Hallo Jane, I am planning a party in May on Thursday 6th, at 1pm.",8,32
95324,B2,27,1,The party is in No.# Yellow Street.,29,38
95324,B2,27,2,I am making chicken sandwiches and I am buying some water and wine.,28,39
95324,B2,27,3,There are thirty guest.,8,32
95324,B2,27,4,We're playing dance music.,13,22
95324,B2,27,5,I hope you can come!,10,16
95324,B2,27,6,See you there!,10,16
95324,B2,27,7,Silvia,26,8
971442,B2,28,0,I was born in 1976.,21,-1
971442,B2,28,1,"I'm thinking PRto myself, I'm old!",21,24
971442,B2,28,2,I got my first job when I was 14 years old.,21,28
971442,B2,28,3,"I got my fist car when I was 20 years old, a really old car, I didn't have money and worked a lot.",21,28
971442,B2,28,4,"I graduated from university when I was 25 years old,PU.",21,28
971442,B2,28,5,I worked in some companies after that.,21,42
971442,B2,28,6,"I met my wife at my actual work,PU.",21,40
971442,B2,28,7,We got married 5 yearPLyears ago.,21,40
971442,B2,28,8,My daughter is two years old now.,20,24
971442,B2,28,9,"Nowadays, I have a really good life, with car, motorcycle, house and money for fun, but, the more important, a happy family!",20,-1
490928,B2,28,0,"Hi, What do you want to do for birthady?",21,1
490928,B2,28,1,Do you like playing soccer or volleyball?,7,23
490928,B2,28,2,I can play volleyball very well.,7,23
490928,B2,28,3,Do you like music band?,13,22
490928,B2,28,4,I can invite my friends to perform live and i can play the guitar.,13,22
490928,B2,28,5,Do you like cake?,28,39
490928,B2,28,6,I can make a cake of chocolate and some drinks.,13,39
490928,B2,28,7,We all bring beer.,28,39
490928,B2,28,8,So you love this party.,8,-1
490928,B2,28,9,Let's doing!,10,-1
490928,B2,28,10,See ya!,10,16
1148302,B2,27,0,There was a murder in my city yestardaySPyesterday.,15,7
1148302,B2,27,1,A man killed a child.,15,7
1148302,B2,27,2,The police found his body in the downtown city.,15,7
1148302,B2,27,3,The family''s child is very sad.,-1,-1
1148302,B2,27,4,The police don''t Dstill MWhaven't findWCfound the man.,15,7
1148302,B2,27,5,The population is outraged by the situation.,16,-1
1148302,B2,27,6,The government needs to do something.,21,-1
664377,B2,25,0,I'm ARa student.,21,43
664377,B2,25,1,I study medicine everyday at  RSthe UniversityCuniversity.,21,43
664377,B2,25,2,I love it because I will Dwant to be a doctor.,21,-1
664377,B2,25,3,"I will Dwant to help people, understand how to work PRon my body and  RSto teach the othersSIother people how to have a healthy life.",21,36
664377,B2,25,4,"I always talk with my pacientsSPpatience, but I rarely go toPRon business trips yet.",21,27
664377,B2,25,5,I usually sit on a desk and stay hearing my teacher to speak.%%,-1,42
350664,B2,26,0,Dear Housekeeper.,-1,8
350664,B2,26,1,Granny usually does laundry on Tuesday afternoon.,22,13
350664,B2,26,2,She sets the table at six o'clock every day.,-1,20
350664,B2,26,3,I always feet the dog at eight o'clock in the morning and I walk the dog in the afternoon every day.,4,9
350664,B2,26,4,Sean wathes movies on saturdays at five o'clock and he plays computer games every day.,23,19
1150085,B2,27,0,There was a murder in my city two years ago.,15,7
1150085,B2,27,1,A man threw someone outPR of theARa window.,15,7
1150085,B2,27,2,The police found someone in that same day and discovered it was a little girl.,15,7
1150085,B2,27,3,She was pushedPR out the window by her own father.,15,7
1150085,B2,27,4,The man was arrested a year later.,15,7
1150085,B2,27,5,It was really scary.,-1,-1
836166,B2,29,0,"October 3,AS 2013.",8,-1
836166,B2,29,1,"Dear Al.PU, Thank you for inviting me PRto aD dinner.",8,-1
836166,B2,29,2,I really enjoyed myself.,10,31
836166,B2,29,3,It was great.,10,34
836166,B2,29,4,The food was delicious.,28,39
836166,B2,29,5,AndCO and I had a really good time.,10,31
836166,B2,29,6,I hope that you can visit me soon.,10,16
836166,B2,29,7,Thanks again.,-1,5
836166,B2,29,8,"SincerelyPU, Tanya.D",-1,8
146244,B2,27,0,"Hi Perla, I'm planing SPplanningmy birthday party in mayCMay on thursdayCThursday 6th.",8,32
146244,B2,27,1,at 1:00 pm.,24,-1
146244,B2,27,2,I am sending out invitations onPRfrom No.# Yellow Street to ## of my friends and hope they are all coming.Dener and Ivan are bringing water and wine and Fabio is choosing some dancing music CD'sSPCDs for the party.I will buy a big one Dbirthday cake some fruits and cheese too.I hope you can come.Rodrigo.D,8,32
433926,B2,28,0,"Hi friend, thank's for all suggestions.",12,5
433926,B2,28,1,I like surfing but I can't go surfing because it's too difficult and dangerous.,7,23
433926,B2,28,2,I don't like scuba diving and sailing.,7,23
433926,B2,28,3,"I prefer soccer, I love playing soccer because it's too exciting.",7,23
433926,B2,28,4,I can't play any musical instruments but I like to listen that.,13,22
433926,B2,28,5,"Don't worry, We can getting a lot of CDs to play in the party.",13,22
433926,B2,28,6,See you soon.,10,16
1138790,B2,28,0,"I was born in Bolivia, after iCI graduated, staredWCstarted  to study medicine in the university.",21,43
1138790,B2,28,1,"When iCI finished, iCI traveled abroad.",-1,40
1138790,B2,28,2,I got my first job when iCI was 25 years.,21,28
1138790,B2,28,3,"After that, iCI move out from my friend's house.",-1,28
1138790,B2,28,4,RS I met my wife when iCI was studying in the university.,21,40
1138790,B2,28,5,We fell in love after we knewWCmet .,21,40
1138790,B2,28,6,"When we finished theWCour carrerSPcareer, we got married.",21,40
600897,B2,26,0,"Dear Mrs Deebie, Thank you for your help.",-1,5
600897,B2,26,1,RS This is my family is Droutine: Sean plays basketball eveySPevery afternoon.,23,25
600897,B2,26,2,He plays computer games at 6 pm.,23,19
600897,B2,26,3,Sean watches movies on SurtedaySPSaturday at 5 pm.,23,19
600897,B2,26,4,RS Granny does laundry on Tuesday afternoon.,22,13
600897,B2,26,5,She does gardening in the morning.,22,13
600897,B2,26,6,She sets the table at 6 pm.,24,20
600897,B2,26,7,RS You MWneed to feed the dog at 8AS am and again at 5AS pm every day.,4,9
600897,B2,26,8,You MWneed to walk the dog in the afternoon.%%,4,9
578633,B2,28,0,"I was born in 1960, in Santarm, Par, Brasil.",11,3
578633,B2,28,1,SPBrazil.,-1,8
578633,B2,28,2,I got my first car after begin VTbeginning the WC my study WC studies in university.,21,28
578633,B2,28,3,My first job wasMW as a  cachier.,21,28
578633,B2,28,4,"SP cashier.After iCI graduated, iCI MW went back at PR to the WC my parent's house.",21,-1
578633,B2,28,5,"We fell in love and married in 1990, when met NatashaWOI met Natasha in 1990 and we fell in love and married. .",21,40
578633,B2,28,6,"I had my first child in 1995, with Natasha.",20,-1
188416,B2,30,0,My name is Zhou Bin.,-1,2
188416,B2,30,1,I was born in 1974.IS When I was young I lived in Liao Ning but now I live in Xia Men.,21,-1
188416,B2,30,2,I studied badminton from 1989 to 1992 but now I don't play badminton.,7,23
188416,B2,30,3,I stopped playing badminton because it's too difficult.,7,23
188416,B2,30,4,I went to university when I was 20.,21,28
188416,B2,30,5,I studied EngineeringCengineering.,21,42
188416,B2,30,6,I graduated in 1997.,21,28
188416,B2,30,7,Now I MWam an engineer.,21,42
188416,B2,30,8,I started working in 1997 and I changed jobs in 2001.,21,28
188416,B2,30,9,I married my wife Gong in 2005.,21,40
188416,B2,30,10,We have no children.,20,25
188416,B2,30,11,I'm very happy now.,-1,29
188416,B2,30,12,I love my family and I love  Dmy job.,21,-1
1010080,B2,26,0,"March 3, 2014 To Miss.",8,35
1010080,B2,26,1,Michele I am writing to recommend Maria.,26,8
1010080,B2,26,2,I worked with Mrs. Maria for two years at EF John Benicio.,21,-1
1010080,B2,26,3,Miss.,-1,8
1010080,B2,26,4,Maria deaSPsea school teacher was John BenicioSPBerenice.,21,-1
1010080,B2,26,5,"She was very effective, creative and developing VTdevelopededucational projects.",21,36
1010080,B2,26,6,She also always participated in the educational activities.,21,36
1010080,B2,26,7,"Contact me at betororochaSPretrorocket.phSPf @ gmailSPmail.AS comCCom or my celuklarSPcellular 19 9512-SPe4888 Regards, BettoSPBetti Rock Former director John EFSPED BenicioSPBerenice.",21,27
551280,B2,32,0,"Hi Granny, How are you RS?",0,-1
551280,B2,32,1,lookCLook at my photos when I was inPRon hollidaySPholiday to Corsica last summer.,-1,-1
551280,B2,32,2,I'm on the beach near Bonifacio.,31,37
551280,B2,32,3,"We see behind me, the leighthouseSPlighthouse from Pertusato.",29,-1
551280,B2,32,4,A lot of sailboatPLsailboats navigate there.,30,-1
551280,B2,32,5,This is my boyfriend Luca on the second photo.,17,-1
551280,B2,32,6,"He is standing in a beautiful garden, we visitedMW it.",-1,-1
551280,B2,32,7,He has got brown eyes and looks handsome.,1,4
551280,B2,32,8,"We enjoedSPenjoyed to meet Alice and Thoma, two JapaneseMW people that are  very friendly.%%",-1,29
513050,B2,26,0,"Hi, I always make the bed in the morning after I get up , I always do the yoga at 8am, I walk the dog every morning, I love dog!",4,9
513050,B2,26,1,"I usually mop the floor on Wednesday, I like having the clean floor.",22,13
513050,B2,26,2,I do the laundry every day.,22,13
513050,B2,26,3,"I do the ironing on Sunday, so my clothes are ready for work the next day.",22,13
513050,B2,26,4,"I make dinner at 6pm every day, bucause I feel hungry about that time.",24,20
513050,B2,26,5,I usually wash the dishes after I eat dinner.I watch movie once week.,22,13
708721,B2,25,0,"My name is Ginette, and I am a civil servant.",27,2
708721,B2,25,1,I work in Paris at the town hall.,11,42
708721,B2,25,2,I have to take care toPRof the building where I work.,-1,-1
708721,B2,25,3,"I manage 8WCeight persons, I always talk on the phone.",21,27
708721,B2,25,4,"I read and write emails, sometimes I have meetingPLmeetings.",21,27
708721,B2,25,5,I sit at a desk.,-1,42
708721,B2,25,6,My office is very comfortable.,19,30
251129,B2,26,0,I get up at 7 o''clock.,24,21
251129,B2,26,1,I usually do the shopping on saturday morning.,-1,12
251129,B2,26,2,From monday to friday I often have a dinner at seven pm.,24,20
251129,B2,26,3,I often walk the dog at evening por 30 minutes and make exercises at a gym.,4,9
251129,B2,26,4,I never go jogging or make home works.,7,-1
181493,B2,26,0,I get up at 7:30 every day.,24,21
181493,B2,26,1,I usually have my breakfast at 8 o'clock.,24,21
181493,B2,26,2,I walk the dog in the morning every day.,4,9
181493,B2,26,3,I never mop the floor.,22,-1
181493,B2,26,4,I like playing tennis with my friends every Sunday in the morning.,7,19
181493,B2,26,5,I watch TV at night and I sometimes play computer games at night.,24,19
181493,B2,26,6,I go swimming once a week.,7,9
181493,B2,26,7,I often love eating out.,24,39
41277,B2,26,0,"Hi,our routines are,Sean play basketball every afternoon and plays computer games at 6pm every day.He watches movies on satudaySPsaturday at 5pm.Granny does laundry on tuesdaySPTuesday afternoon and does gardening in the morning.",23,19
41277,B2,26,1,She sets the table at 6pm every day.I feed the dog at 8pm and walk with it in the afternoon every day.Too feed the dog again at 5pm every day.By SPBye dear!,4,9
106565,B2,26,0,"Hi sally, would you please come home because ihave to go to my job and leave the dog and my chiledreni will leave at 9:30 am and i will return home at 7pm if you are comining please call me when you come back today to see if some body coming",-1,9
833899,B2,25,0,"I am aARan engineer assistant MWand I work in ARa factory RS,AS my work is about natureWCnatural gas.AS Normally I stand working and I rarely sit at a desk.",21,42
833899,B2,25,1,I often write emails to my boss but I never go on business trips.AS I don't like my job because my working is in the open air every day RS.AS SO it's too hot in summer and too cold in winter.,21,27
82244,B2,30,0,My name is Necati Seyda Umurca.,27,2
82244,B2,30,1,"I was born in 1988 in Fatih, Istanbul.",21,3
82244,B2,30,2,"Now, I'm living in Istanbul.",11,3
82244,B2,30,3,"When I was eight years old, my brother died.",20,-1
82244,B2,30,4,"Seven years later, I started high school.",21,28
82244,B2,30,5,"Three years later when I graduated from high school, my grandmother died.",21,28
82244,B2,30,6,In 2007 I started university.,21,28
82244,B2,30,7,DPRinARthe Department of industryCIndustry engineeringCEngineering.,21,42
82244,B2,30,8,"NowPU, I'm ARa graduate.",21,43
1087317,B2,27,0,There was a theaftSPtheft in my city.,15,7
1087317,B2,27,1,The thiefPLthieves brokenVTbroke into the bank byPRthrough ARa window.,15,7
1087317,B2,27,2,"MWSome PeoplesSPpeople callVTcalled the police, a thief was arrestEXwas arrested and two others scapedSPescaped.",15,7
1087317,B2,27,3,"The police found them two days afterWClater.AS withCWith the arrival of the police, they failed to take any moneyPU.",15,7
1109525,B2,28,0,I was born in 1970.,21,-1
1109525,B2,28,1,I graduated from high school when I was 18.,21,28
1109525,B2,28,2,I got my first car after I graduated.,21,28
1109525,B2,28,3,I also got my first job.,21,28
1109525,B2,28,4,"After I got my job, I moved out of my parent's house.",21,28
1109525,B2,28,5,I met my wife at work.,21,40
1109525,B2,28,6,We fell in love and got married in 1995.,21,40
1109525,B2,28,7,I had my first child in 1997.,20,-1
1109525,B2,28,8,Now we have four kids.,20,25
1109525,B2,28,9,RS,9,8
913898,B2,28,0,I was born in 1976.,21,-1
913898,B2,28,1,I graduated from high schollSPschool when I was 19.,21,28
913898,B2,28,2,I got my first car after I got my first job.,21,28
913898,B2,28,3,"AfterMW that, I met my wife and we fell in love.",21,40
913898,B2,28,4,"When I got a new job, I moved out of my parents' house.",21,28
913898,B2,28,5,After DI got married in 2011.,21,40
913898,B2,28,6,We have no children yet!,20,-1
1133664,B2,26,0,I am writing to recommend Anna Busch.,21,8
1133664,B2,26,1,I work with Ms. Busch over 5 years.,21,42
1133664,B2,26,2,"She is very helpful, learnAGlearns quickly and is hardworking.",21,36
1133664,B2,26,3,"When you have ARa questonSPquestion, you can contact me under xxx.xxxxxx.xxx Best wishes, aCA.Strauch",21,5
474110,B2,25,0,Helo.,-1,8
474110,B2,25,1,I am a manager.,21,42
474110,B2,25,2,I like my job.,21,-1
474110,B2,25,3,It is very intresting because I often go on bisness trips and I have deffrent meetings with many funny people.,21,-1
474110,B2,25,4,I always busy and I never take breaks.,5,36
474110,B2,25,5,"I usually talk to people on a phone, wrihte emails and have meetings.",21,27
894533,B2,27,0,Last night in the smolSPsmall town Polyrnuy was ARa thestSPtheft RS.,9,-1
894533,B2,27,1,Unknown person broke into shop PRat 2 o'clock Da.m.,15,7
894533,B2,27,2,and stole three water bottles RS.,15,7
894533,B2,27,3,The police arrived in the morning and they declare quot;that it was so stupid thestSPtheftquot;.,15,7
894533,B2,27,4,Three days later thiesSPthieves wasWCwere arrested when he tryed break into the same shop.,15,7
1150523,B2,26,0,"january, CJanuary, 06.01.14 Dear Mr. JohnasenPU, I'm writingPR to you because i'mWCI workingVTworked PRfor two years with Mrs.Eling.",9,-1
1150523,B2,26,1,"Mrs Eling is a very good worker, she works very hard and fast.AS And she is so creative, orginizedSPorganized and a good teamplayerSPteam player.",21,36
1150523,B2,26,2,Her team loveAGloves her.,21,-1
1150523,B2,26,3,"If you like more news about Mrs Eling RS,AS always contact me.",9,27
1150523,B2,26,4,Greetings carinaCCarina Bechtel,-1,1
1005151,B2,26,0,"January 18, 2014 Dear Mr. Smith, I' RSm writing to recommend Bodo Mller.",-1,8
1005151,B2,26,1,I worked together with Mr. Mller for five years at Water Company.,21,42
1005151,B2,26,2,He was our best sales assistant.,21,-1
1005151,B2,26,3,"Mr. Mller was hardworking and every time helpfulWOhelpful every timePU, and very friendly to our customers.",21,36
1005151,B2,26,4,I' m only canWCI recommend him.,21,16
1005151,B2,26,5,"Sincerely, Grit Borke Henning General Manager Water Company",21,-1
411009,B2,32,0,Hi !!,12,1
411009,B2,32,1,This is my friend.,17,-1
411009,B2,32,2,She has long brown hair.,1,4
411009,B2,32,3,She's wearing a white shirt and a pink long short.,1,14
411009,B2,32,4,The other picture is my boyfriend.,17,-1
411009,B2,32,5,He has long blond hair and he's wearing a black glasses.,1,4
411009,B2,32,6,The third picture is my friends.,17,-1
411009,B2,32,7,Suzy and Mike.,17,-1
411009,B2,32,8,Suzy and Mike are happy.,17,29
411009,B2,32,9,Suzy is tall and she has a brown hair.,1,4
411009,B2,32,10,She's wearing a beige pull and a confortable trousers.,1,14
411009,B2,32,11,Her boyfriend is tall and he's wearing a grey pull with a beige and red scarf.,1,4
411009,B2,32,12,Bye,2,0
901487,B2,27,0,There was a murder in my city last year.,15,7
901487,B2,27,1,"A secretary was killed by thief in the park, after being kidnapped in mall parking lot.",15,7
901487,B2,27,2,The police found her body inside your own car the nest day in the park with signs of violence.,15,7
901487,B2,27,3,A week later the police arrested the thief who confessed to the crime alleging that the victim reacted to the robbery.,15,7
816225,B2,28,0,I was born in 1983.,21,-1
816225,B2,28,1,I got my first car after 27 yearPLyears.,21,28
816225,B2,28,2,"I got my job in 2001 at a Brazilian company in Maca RS/PU, Rio de Janeiro.",21,3
816225,B2,28,3,I graduated when I was 27 and met Juliana at the MetodistSPMethodist churchCChurch.,21,28
816225,B2,28,4,We fell in love and we got married in 2012.,21,40
816225,B2,28,5,"After 2 yearPLyearsPU, we had a son.",20,-1
578108,B2,26,0,"MWHi/Hello, Daily routines of my family Sean He plays the Dbasketball every afternoon, plays computer games at a D6 pm and watches movies on Saturdays at 5pm.",23,19
578108,B2,26,1,"RS Granny She does laundry on tuesdayCTuesday afternoon, does gardening in the morning and sets the table at 6pm.",22,13
578108,B2,26,2,"RS Luan My routinesWCroutine is PRto feed the dog at 8am every day, walk the dog in the afternoon and feed the dog again at 5pm every day.%%MW Bye/Thanks/Regards",4,9
345099,B2,26,0,"Dear, I will go on business trip next month, please help me to take care of children.",21,-1
345099,B2,26,1,"Sean plays basketball every afternoon, he plays computer games at 6pm, he watches movies on Saturday at 5pm.",23,19
345099,B2,26,2,"Granny does laundry on Tuesday afternoon, she does gardening in the morning, she sets the table at 6pm.",22,13
345099,B2,26,3,"I feed the dog at 8am everyday, I walk the dog in the afternoon, I feed the dog again at 5pm every day.",4,9
345099,B2,26,4,Best regards Yang zhongwei,-1,5
893836,B2,27,0,"The Dlast CLast FridayPU, MWthere was a theft in my neighboor.",15,7
893836,B2,27,1,SPneighborhood.,-1,38
893836,B2,27,2,The thieves brook SPbroke into the house at 11:00 a.m.D and stole all ARthe appliances of PRfrom the house.,15,7
893836,B2,27,3,"Then, at 1:00 p.m.D came the policceSPpolice officers and did a report of the crime.",15,7
893836,B2,27,4,"On Sunday morning, the policceSPpolice arrested two people who could be the DresponsiblesSPresponsible of PRfor the crime.",15,7
877302,B2,26,0,You feed the dog at 7:30 and 8pm every day.,4,9
877302,B2,26,1,Walk the dog in ARthe afternoon.,4,9
877302,B2,26,2,Do the housework in the morning.,22,13
877302,B2,26,3,Make dinner at 6PM RS.,24,20
877302,B2,26,4,"Set the table at 18:30 RS, I should be back at that time.",24,20
877302,B2,26,5,Do the laundry every day.,22,13
877302,B2,26,6,I like wearing clean clothesPU.,6,14
877302,B2,26,7,Mop the floor every Saturday.,22,13
877302,B2,26,8,Go shopping with me every Sunday.,-1,12
88932,C1,35,0,"Yes, Jeff is right.",-1,8
88932,C1,35,1,The monkeys are so cute!,-1,-1
88932,C1,35,2,They very playful.,-1,34
88932,C1,35,3,They like bananas.,-1,39
88932,C1,35,4,The monkeys are smaller than most safari animals.,-1,-1
88932,C1,35,5,"They are smaller than lions, giraffes, tigers and also elephants.",-1,-1
88932,C1,35,6,"I like monkeys, but I don't want Dhave one.",-1,-1
88932,C1,35,7,I think they are very noisy.,-1,-1
970288,C1,36,0,"Hello Jenny, i'mSPI'm writing to you from my house, due toWCbecause  iCI want to goMW on a  vacation for one Da week.",-1,31
970288,C1,36,1,"youCYou asked me about my routine,AS well... in CIn the morning RS, iCI often water the plants at 8 am and feed the birds everyday.AS onCOn Tuesday and Thursday PU, you also WCneed to check water for birds RS.AS ifCIf the weather not inWCthere is no  rain, the dogs like to go for a walk twice a day.%%i often play games with them RS,AS it's very funny RS.AS inCIn the afternoon, iCI will feed the fish three times a week.AS feedCFeed the dogs often in the night everyday but trash on Tuesday night.AS cleanCClean the house and sweep the floor twice a week.",4,9
231011,C1,36,0,"Hi, John!",12,1
231011,C1,36,1,"It's your plan on aEXschedule task for this week.You need ISto water the plants every day, water you'll findEXyou can get the water in XCfrom the kitchen.",4,9
231011,C1,36,2,"AlsoIS, you must walk the dogs twice time D a day.",4,9
231011,C1,36,3,Don't forget ISto play with dogs but not ISin a rainy day.,4,26
231011,C1,36,4,"Every dayIS, you need ISto feed the dogs at night and birds at 9 am.",4,9
231011,C1,36,5,Don't forget to check the water ISfor birds three time XCtimes  on XCin a week.,4,9
231011,C1,36,6,"ByeIS,Andrew",2,0
229816,C1,38,0,"Title: Day the Day with Maxwell Author: John Maxwell Type of story: Improve your Life Setting: offices, room etc.",18,12
229816,C1,38,1,"Main characters: John Maxwell Plot: days of the year John Maxwell wrote a very good book called, Day the Day with Maxwell.",18,12
229816,C1,38,2,"It is a true story, that began when Maxwell was young.",18,-1
229816,C1,38,3,"He improve your life, reading a lot of books and hearing a lot of leaders of company.",21,-1
229816,C1,38,4,"Today, he is specialist in training of leaders of world.",21,-1
229816,C1,38,5,He make lectures to big company in the world.,21,-1
784490,C1,35,0,"I first met my colleague, Rodrigo, when iCI wasMW studying at ARthe university of medicine.",21,40
784490,C1,35,1,"I was atPRin ARthe class room alone, when he arrived talkWCtalking about atARa teacher yesterdayD.",21,43
784490,C1,35,2,After that day we are best frendsSPfriends even today.,10,-1
784490,C1,35,3,"Have moments of proof at ARthe university that he only studied with mePU, sometimes otherWCwe would study groupWOstudy in a group.",21,43
784490,C1,35,4,"AtWCDuring holidayPLholidays girlfriend hisWOhe, his girlfriend and I weWCwould go traveledWCtravelling to great places.",-1,-1
399412,C1,37,0,ABC Insurance How did you discover the crime?,15,7
399412,C1,37,1,"Yesterday night, my home was robbed.",15,7
399412,C1,37,2,"First, I came home for dinner then I saw the broken front window and the lock on the door.",15,7
399412,C1,37,3,I saw the thief leaving the side of the house.,15,7
399412,C1,37,4,After he ran down the street.,15,6
399412,C1,37,5,He had a gun in his left hand and a brown backpack on her right shoulder.,15,7
399412,C1,37,6,"He stole my macbook, my smartphone and my gold watch.",15,7
399412,C1,37,7,"Next, I called the police.",15,7
399412,C1,37,8,"macbook = US$ 1,000 smartphone = US$ 600 gold watch = US$ 500",6,17
1085427,C1,35,0,I first met my actual boss when I was ARa student.,21,40
1085427,C1,35,1,Her name is Ana and she was my Tourism teacher from Rural University.,21,2
1085427,C1,35,2,"Nowadays, she coordinate this couseSPcourse.",21,36
1085427,C1,35,3,She always was a demanding teacher and very talented professional.,21,36
1085427,C1,35,4,Three years ago I graduated and then I was aproved SPapproved on ARthe university's exam to be a teacher.,21,28
1085427,C1,35,5,"I was hired and my old teacher, now, was my new boss and best friend.",21,-1
1085427,C1,35,6,Everyday I learn many things with her like how MWI can express myself better to my students and new teaching methodologies.,21,36
1085427,C1,35,7,I'm very proud to work with her.,21,-1
103934,C1,39,0,Hi Mike.,12,1
103934,C1,39,1,Thanks for your letter.,-1,5
103934,C1,39,2,I'm sorry to hear that you are sick.,10,35
103934,C1,39,3,I think you should drink a lot of water and stay in bed as your docter said.,24,6
103934,C1,39,4,I'm happy to tell you that we have a great time.,10,31
103934,C1,39,5,We have a big party and play with my friend for a long time.,8,32
103934,C1,39,6,I'm so sorry that you can't come.,10,35
103934,C1,39,7,But don't be so sad.When you are be better.,-1,-1
103934,C1,39,8,You can come to my home and play with me.,13,-1
103934,C1,39,9,Bye.,2,0
308715,C1,35,0,"Hi Jeff and Amy, My trip was wonderful, I saw some animals in the Africa, but I liked more the monkeys.",-1,-1
308715,C1,35,1,They are very funny.,-1,34
308715,C1,35,2,"The monkeys live in the trees and eat fruits, your favorite is banana.",-1,-1
308715,C1,35,3,"Sometime the monkeys can be as brave as dogs, for exemple when they are with a baby or with fear, but they usually are friendly.",-1,-1
308715,C1,35,4,See you later.,10,16
308715,C1,35,5,Maria,26,8
960351,C1,34,0,"I live in Cologne, Germany.",11,3
960351,C1,34,1,"It is a City Ccity in West Germany, who WCthat lies on the Rhine.",11,3
960351,C1,34,2,In the city it givesWCthere are a lot of parks.,30,37
960351,C1,34,3,There it gives next toWCThere are native birds also parrots.,4,-1
960351,C1,34,4,Additional inhabit the park numerous squirrelsWONumerous squirrels also inhabit the park.,30,37
1206446,C1,33,0,"i'veSPI've visit dubaiSPDubai when iCI was young, it was so beautiful, iCI don't remember too much, but remember some fun things we did in there, iCI wish iCI could visit it again, but not alone, i'mSPI'm not brave enough to travel alone.",31,37
278915,C1,33,0,"MWDearMom and Dad:PU,I'm going to go in a MusicCmusic FestivalCfestival.",13,11
278915,C1,33,1,"I'm going to campingWCcamp, so, I'm needingWCtaking a tent, a flashlight, COanda sleeping bag.",-1,-1
278915,C1,33,2,"Maybe it'll rain, so, i'm CI'm going to buy WCtakean umbrella.",3,26
278915,C1,33,3,ARTheTickets Ctickets will Dstart PRat50 pounds.,-1,18
278915,C1,33,4,"We're having WCI'm listening toa lot of kinds of music, like rock, pop, COandjazz.",13,22
278915,C1,33,5,I'll have fun.,10,31
278915,C1,33,6,"Kisses.PU,MWYour name",2,0
277617,C1,33,0,"Hi mom and bob, I with my friends in Texas Dallas right now.",11,-1
277617,C1,33,1,I'm very tired I'm going to sleep after one hour.,24,-1
277617,C1,33,2,Tomorrow we will get taxi to a shopping mall.,-1,10
277617,C1,33,3,I'm gonna buy a black T-shirt and shorts.,6,14
277617,C1,33,4,"after 3 days, we're going to travel to Las Vegas.",-1,10
277617,C1,33,5,we're taking a taxi from airport to 4 star hotel.,-1,10
277617,C1,33,6,I think it'll be a little expensive.,16,18
277617,C1,33,7,On Wednesday we're buying some gifts.,-1,12
277617,C1,33,8,We'er going back home after four days.,-1,10
277617,C1,33,9,Bassam,9,8
561021,C1,33,0,"Last year, I fiyWCflew to u.s.WCUSA to visit my friends.",31,-1
561021,C1,33,1,But I got JetCjet lag after ARthe 13-hour flight onWCfrom Taiwan.,31,10
561021,C1,33,2,My friend meetVTmet me in the L.AS A. airport RS.,31,-1
561021,C1,33,3,We took his suvSPSUV starWCto start the u.s.WCUSA journey.,31,-1
561021,C1,33,4,I've seen Sequola National park.,30,37
561021,C1,33,5,There's aARthe Earth'sCearth's LargestClargest TreeCtree and MuleCmule deer and BlackCblack bear in the Kings Canyon.,30,37
561021,C1,33,6,We've worked a trail thought the forest.D and takeVTtook a picnic in the park.,30,-1
561021,C1,33,7,"I haven't been MWto New York city yet, but I want to go inWCon my next trip.",31,37
76496,C1,33,0,"Bogot, june 27 th Hi mom, next month I am going to go to the music festival in Cartagena, the ticket cost Col.$ 100.000.",13,11
76496,C1,33,1,"I will stay to the expensive hotel, named &quot;Las Americas&quot;, I am going to the many restaurants, i could eat fish, rice, shrumb, an drink wine.",-1,39
76496,C1,33,2,"I like many singers like a Fonseca, Juanes, Cabas.",13,22
76496,C1,33,3,"See you soon, A kiss alina",2,16
881207,C1,33,0,I absolutely love traveling.,31,37
881207,C1,33,1,I've traveled to 11 countries.,31,37
881207,C1,33,2,I've seen ARthe Blue Lagoon house and ARthe Tchutchu Falls.,30,37
881207,C1,33,3,"I've camped in ARthe Nacional Park, walked across theTowerSPthe Tower Pink, bought fancy clothersSPclothes and takenVTtook an elephant tour.",-1,37
881207,C1,33,4,"I haven't been to Africa yet, but I really want to go.",31,37
881207,C1,33,5,My trip last month to Thailand was difficult.,31,-1
881207,C1,33,6,The flight took 17 hours.,31,10
881207,C1,33,7,"When I arrived, customs took my cellphone, and I had to buy a new one.",15,7
32816,C1,35,0,"Monkeys is AGarefriendly, they are the friendPLfriends of people.",-1,-1
32816,C1,35,1,And COpeople and monkey is PLmonkeys arealso cute.,-1,-1
32816,C1,35,2,"I like monkeys, Monkeys Cmonkeys is AGarevery smart.",-1,-1
32816,C1,35,3,"even Dthey can learn the Dsimple numbers like people.Monkeys is AGarefriendly, they are not dangerous like lions.",-1,-1
32816,C1,35,4,But CO lions but monkeys aren't clean.,-1,-1
679861,C1,33,0,I've traveled to 5 countries.,31,37
679861,C1,33,1,"I've seen Anne Frank's house and the fabulous Grand Canyon, I've been inPRto New York too.",30,37
679861,C1,33,2,"I MWhave visited Argentina and Munich, Germany.",31,37
679861,C1,33,3,I flew MWin a balloon in Dubai and I liked the Ferrari'sWCFerrari park in AbuAS Dhabi.,31,37
679861,C1,33,4,"I haven''t been to Greece or South Africa, but I really want to go to the bothWOboth the places.",31,37
679861,C1,33,5,I love traveling and seeing new places.,31,37
1167878,C1,34,0,My name is Kirill.,27,2
1167878,C1,34,1,"I was born in Moscow, Russia.",11,3
1167878,C1,34,2,I'd like to travel to Karelja.,31,37
1167878,C1,34,3,Karalja is a north region in Russia.,11,3
1167878,C1,34,4,We have wonderful nature there.,-1,33
1167878,C1,34,5,"There are a lot of lakes and rivers.PU, BigCbig stones and clear water.",-1,37
1167878,C1,34,6,I recommend you travel in kayak on ARthe Pistayoki riverCRiver.,31,-1
1167878,C1,34,7,"You can takeWCexperience oARa lot of adrenaline on the speed og the Driver,CO and catch a lot of fish.",-1,-1
1167878,C1,34,8,You can noWCcannot see any pupilWCpeople PRfor some days.,-1,23
1167878,C1,34,9,"But Ddon'tCDon't go alone, it will be dangerous.",-1,10
1167878,C1,34,10,Take your friends with you.,8,-1
1167878,C1,34,11,"In the evening you can make a fire, play a DgitarSPguitar and drink vodka!",-1,19
1167878,C1,34,12,:)D I am gointSPgoing to Karelja this summer.,31,26
1167878,C1,34,13,RS,9,8
489826,C1,33,0,"DIm going to go to a music festivalD,PU .",13,11
489826,C1,33,1,"DIm taking a tent, T-shirt and shortsD,PU .",-1,-1
489826,C1,33,2,DIm going to listen to pop and dance musicD and DMaybe itll rainDPU .,13,22
489826,C1,33,3,"IS Regards, IS Your name",-1,5
29262,C1,33,0,"Hello mun and dad,I'm going to go to a music festival in the next weekend, July 14th to July 16th.",13,11
29262,C1,33,1,The ticket is 50 pounds.I'm going to listen to pop and dance music.,-1,22
29262,C1,33,2,"I'll MWbe watching Bella, Shavon, Ben and others.I'm camping in the festival.",13,11
29262,C1,33,3,"I'm taking a tent, flaslightSPflashlight, sleeping bag, backpack, toilet paper, towels, waterprofSPwaterproof jacket and water.",-1,-1
29262,C1,33,4,"I'm wearing t-shirt, short and tennis, because is hot.Bye,Lilian",6,14
465733,C1,37,0,ABC Insurance How did you discover the crime?,15,7
465733,C1,37,1,"When I came home,I saw that my lock on the door and window were broken.I opened the door and saw the terrible thing:my computer and TV were gone.After 2-3 minutes of shock I came near the window and saw that strange man's run away.I couldn't chase him,so I called to police.",15,7
465733,C1,37,2,Value: TV:200$ Computer:300$,6,17
913169,C1,35,0,Firstly because spilt her soup on.,28,-1
913169,C1,35,1,"When iCI saw that, iCI helped him.",-1,-1
913169,C1,35,2,Insteed thisD heD has a funny laugh and he joked RS a lot on the things that happened with him.,21,-1
913169,C1,35,3,SheWC He was very positive and the most interesting man iCI ever met.,21,29
913169,C1,35,4,He has lived in many coutriesSPcountries but IrelingSP Ireland was the most he liked.,21,37
913169,C1,35,5,John and iCI enjoy working on projectPL projects together.,-1,-1
913169,C1,35,6,"John is my collegueSP colleague, but now he's also my husband.",17,40
913169,C1,35,7,RS,9,8
92066,C1,33,0,"Hi mum and dad, I'm going to go to a music festival this weekend.",13,11
92066,C1,33,1,It's exciting!,10,34
92066,C1,33,2,I'm going there by bus at Friday's night.,-1,19
92066,C1,33,3,I'm camping.,-1,-1
92066,C1,33,4,I'm taking a tent and a sleeping bag.,-1,-1
92066,C1,33,5,"It's very hot, so I'm wearing T-shirt, shorts, sunglasses, sunscreen.",6,14
92066,C1,33,6,"Maybe it'll rain, so I'm taking a raincoat.",3,26
92066,C1,33,7,I'm also taking some bottles of water.,28,39
92066,C1,33,8,I'm going to listen to pop and dance music.,13,22
92066,C1,33,9,The ticket is 50 dollar.,-1,18
92066,C1,33,10,It's not expensive.,16,18
92066,C1,33,11,I can't wait!,10,16
92066,C1,33,12,Wish you have good weekend.,10,31
92066,C1,33,13,Amy,26,8
473096,C1,36,0,"Hi, my friend.",12,-1
473096,C1,36,1,I'll go to my vacation.,-1,31
473096,C1,36,2,This is what you do next week.,10,16
473096,C1,36,3,Thank you for your help.,-1,5
473096,C1,36,4,Every day in the morning you water plants and feed the birds.,4,9
473096,C1,36,5,Twice a week you check water for the birds on Tuesday and on Thursday.,4,9
473096,C1,36,6,Twice a day you take the dogs for a walk.,4,9
473096,C1,36,7,If there is not in rain you play games with the dogs.,4,26
473096,C1,36,8,You feed the dogs at night every day.,4,9
473096,C1,36,9,"In the afternoon on Monday, Wednesday and Friday you feed my fish.",4,9
473096,C1,36,10,You take out the trash at night on Tuesday.,-1,13
473096,C1,36,11,Thank you very much.,-1,5
180428,C1,33,0,Dear mom.,-1,8
180428,C1,33,1,Hi!,12,1
180428,C1,33,2,How are you?,0,-1
180428,C1,33,3,I'll go to a pop music festival next Sunday.,13,11
180428,C1,33,4,I have two tickets.,-1,18
180428,C1,33,5,So Why don't we go there with me?,30,37
180428,C1,33,6,"If you want to go,You need to take sleeping bag,sweater,and rain coat,(It'll rain next Sunday) although I will take that too.",-1,-1
180428,C1,33,7,I hope you are able to come and join with me!,10,16
180428,C1,33,8,Bye.,2,0
799572,C1,34,0,My name is Elena.,27,2
799572,C1,34,1,"I live in Venice, Italy.",11,3
799572,C1,34,2,Italy has the form like a boot and on three sides it's surrounded by water.,11,37
799572,C1,34,3,We have aWChas  incredible nature in my state.,-1,33
799572,C1,34,4,"There are a beautiful mountains, lakes, beaches and hills.",30,37
799572,C1,34,5,"The ItalyWCItalian  nature is very differntSPdifferent between the north, center and south.",11,37
799572,C1,34,6,In the winterMW it  is cold and in the summerMW it  is hot.,3,26
799572,C1,34,7,In the south of Italy there are many beautiful beach PLbeaches and the weather is is more beautiful than in northern europeSPEurope.,11,37
799572,C1,34,8,I'd like very mutchSPmuch my state.,-1,-1
750174,C1,33,0,"InPROn my last trip, I've beenVT went inPRto Florida, EUAD,PU.",31,37
750174,C1,33,1,"I've seen the Gulf of Mexico and ARthe Atlantic oceanCOcean, because I'veD traveled forPRto many cities,PU.",30,37
750174,C1,33,2,"inCIn Orlando I'veD walked in malls and I've seen theVTsaw Cirque du Soleil, it's wonderfullSPwonderful,PU.",-1,-1
750174,C1,33,3,"I haven't been north FloridaD, but inPRon my next trip I want to go.",31,37
750174,C1,33,4,"I love traveling around the world and intoD my country, too,PU.",31,37
750174,C1,33,5,"Brazil haveVThas many espetacularSPspectacular sights, the problem is the violence, it's very dangerous.",11,7
750174,C1,33,6,My dream is living in another country mostWCthat is calm and safe.,-1,37
581882,C1,33,0,"Hi mum and dad, Im going to go to a music festival in So Paulo this weekend.",13,11
581882,C1,33,1,I cant wait!,10,16
581882,C1,33,2,"Im taking a tent, sleeping bag, T-shirts, shorts, jeans and sneakers.",-1,-1
581882,C1,33,3,Ill campingVTcamp in the festival.,13,11
581882,C1,33,4,Im going to listen to rock music.,13,22
581882,C1,33,5,"On SaturdayPU, Im watching Iron Maiden and Metalica.",13,-1
581882,C1,33,6,"On SundayPU, Im watching U2, Blind Guardian and Detonautas.",13,-1
581882,C1,33,7,HopeMWI hope you have a nice weekend too.,10,31
581882,C1,33,8,Renato,26,8
706716,C1,34,0,My name is Geraldo.,27,2
706716,C1,34,1,COandI''m from Brazil.,11,3
706716,C1,34,2,"I live in two states, but I prefer the smallest one, called Santa Catarina.",11,3
706716,C1,34,3,TheMWCatarina has the most beautiful beaches fromWCin the south MWofBrazil are in Santa CatarinaD.,30,37
706716,C1,34,4,"The best of them is Camboriu, MWit is a place with a lot of foreign people from Argentina.",31,37
706716,C1,34,5,"If you go there, I suggest you go in the summer.",30,26
486235,C1,35,0,"The Monkeys look like a manWChumans.They WCTheirbody with full WCbodies are covered withyellow fur,and they are so noisy.They are eating on DeverytimeWCall the time,NS.they are lovely and audacious.If someone throw AGthrows a piece of bread or fruit towards them,they wilSPwill be pleased.but if anybody heat WChitsthem with a pebble,they going to beWCbecome very angry and rude.",-1,-1
764074,C1,33,0,I like a lot to travel.,31,37
764074,C1,33,1,"I''ve been to other places, but Buenos Aires and Fortaleza are so magnificSPmagnificent cities.",-1,37
764074,C1,33,2,"Buenos Aires is a romantic city, maybe the cold weather refers to romanticism.",3,26
764074,C1,33,3,The citiSPcity is clean and there is wide streets.,-1,-1
764074,C1,33,4,Caminito is a charm.,-1,39
764074,C1,33,5,RS Already Fortaleza is a city to enjoy life.,30,-1
764074,C1,33,6,"It''s a city to single people, because there are many oportunitiesSPopportunities to dating.",30,37
764074,C1,33,7,"The beaches of the downtown is not very well, but the night is very good, there are many homorousSPhumorous shows, because Fortaleza is the land of humor.",30,-1
475922,C1,33,0,"hiCHi mum and pop I'm going to go to a music festival this weekend in Barcelona.This festival is salsa festival.DMWandI think the weather will be sunny.I'm taking a tent,t-shirt and shorts because I'm gonna SPgoingMWtostayWCcamp MWin atent.I'm gonnaSPgoing MWtopay 4 eurosCEuros for MWmyticket.I'm gonnaSPgoing MWtocome back on sundayCSunday afternoonPU.",13,11
1138950,C1,36,0,The Outback is a new restaurant in Recife City.,28,39
1138950,C1,36,1,"It is a new place to know WCmeet new people, to do WChave meetingPLmeetings and to have a date.",-1,-1
1138950,C1,36,2,They have a big variety of food inPRon  their menu.,28,39
1138950,C1,36,3,"For appetizersPU, there are AGis chicken, fish, frenchSPFrench fries, baked potato, etc.",28,39
1138950,C1,36,4,"For ARthe main coursePU, their specialty is the ribbsSPribs on the barbecue, this is my favorite dish.",28,39
1138950,C1,36,5,"To finish your meal you MWcan have ice cream with apple and cinnamon, MWit is delicious.",28,39
1138950,C1,36,6,"The prices aren't reasonable, but the food compensates.",16,18
36291,C1,40,0,"Dear Yasmin,I'm very happy you are visiting in DCanada and I would ISlikegive you some advisesWCadvice.Things that you should do :Bring a gift when you go to visit someone.Stand in line or take a number when you go to ARapublic office.And Dthings CThings that you shouldn't do :- Yel WCYell in the street- Go ISoutalone at night- Smoke in public placesI hope these tips are useful to you.Have great time in Canada.Kisses.",8,10
36291,C1,40,1,Claudine,-1,8
848364,C1,34,0,"Dear momCMom, I am travellingWCnow in Santa MonicaMW, California.AS It'sVT going to be rainy all afternoon,AS so iCI must stay in the hotel.AS Next dayWCTomorrow, the weather is going to very hot and sunny.AS The temperature isVTwill be 108 degrees Fahrenheit.AS It'sVTIt will be a good day for the beach.AS I will go swimming and have fun.",3,26
848364,C1,34,1,"yourCYour sonPU, Tom",17,8
71949,C1,36,0,"Please water the plants and clean the kitchen every day; You walk the dogs twice every day, you can play games in rain; Please feed the birds in the morning and feed the dogs at night; Then feed the fish on Monday,Wednesday and Friday afternoon; Please check water for the birds on Tuesday and Thursday; Usually we take out the trash at night on Tuesday; Clean the house and sweep the floor twice a week.",4,9
481924,C1,35,0,Hey!,12,1
481924,C1,35,1,This picture is so beautiful.,10,33
481924,C1,35,2,There are two monkeys in the picture.,-1,-1
481924,C1,35,3,They look very relaxing.,-1,-1
481924,C1,35,4,"Monkeys are very smart, they are MWmoreclever than elephants.",-1,-1
481924,C1,35,5,"However, I am whoD fearsD them, because they sometime WCsometimesattacked people.",10,-1
481924,C1,35,6,"Best regards,Pemmi",-1,5
19341,C1,36,0,"Hi Anne, I''m happy, that you will live in my house when I''m in my hollidays.",-1,30
19341,C1,36,1,Please note the following.,-1,8
19341,C1,36,2,You get up at 7 am.,24,21
19341,C1,36,3,You make your bed and then make coffee for breakfast.,24,13
19341,C1,36,4,"After them you fedd dogs, fish and birds.",4,-1
19341,C1,36,5,At 8 am you walk the dogs.,4,9
19341,C1,36,6,"You sweep the floor, clean the bathroom and wash the dishes in the morning.",22,13
19341,C1,36,7,You can sleep after the lunch for a hour.,24,-1
19341,C1,36,8,In the afternon you speak with the big bird and water the plants.,4,9
19341,C1,36,9,Play with the dogs in the garden.,4,-1
19341,C1,36,10,After the dinner you can watch TV.,24,19
19341,C1,36,11,Don''t noise after 11 pm.,24,-1
19341,C1,36,12,Have a good time.,10,31
19341,C1,36,13,Your Heike,-1,8
912322,C1,33,0,"I love traveling, I[ve SPI've traveled to 15 cities.",31,37
912322,C1,33,1,I've hospedSPstayed in the cancunSPCancun five starts hotels and walked in the bay.,-1,37
912322,C1,33,2,"I haven't canadaSPCanada yet, but I really I needPR to learngSPlearn good englishSPEnglishPU.",-1,10
912322,C1,33,3,My TripsCtrips has been one international with Detroit Michigan and others into Republic Mexican.,31,37
912322,C1,33,4,"The trip at Detroit took 36 hours but I travel in ShuttleWCSeattle, Thanks",31,10
936721,C1,38,0,I don't care about the fashion too much.,6,14
936721,C1,38,1,I'd rather like the comfortable clothes.,6,14
936721,C1,38,2,"SoPU, I prefer cotton fabrics toWCthan polyester.",6,14
936721,C1,38,3,"The best outfit for me is a gray,D cotton T-shirt with a black,D baggy jeans.",6,14
936721,C1,38,4,"I like black and grey more than other colors,D because I don't want to wash clothes.",6,14
936721,C1,38,5,"Now, it's near the Spring Festival.",13,11
936721,C1,38,6,Everyone in China should buy some new clothes.,6,17
936721,C1,38,7,"In my plan, I will buy a formal suit for interview next year.",6,14
936721,C1,38,8,"I will choose the black or gray suit with a white shirt, and a navy blue tie.",6,14
936721,C1,38,9,What do you think?,10,8
936721,C1,38,10,I would like to be in a business style.,21,42
135493,C1,35,0,"Yes,monkeys are so cute.they has two legs and two hands,and they also have five fingers in the every hands.Theirs fur are golden and looks runen smooth smooth so they attract someone to daut.They're as clever as a human.Their favorite food is banana,and most of monkeys love bananas.",-1,-1
882105,C1,33,0,I traveled by myself first time when iCI was 21 years old.AS I have been to Venice and iCI took gondola first time.AS It was a special experience that the boatman sang for us.,31,28
882105,C1,33,1,I have been to Greece.,31,37
882105,C1,33,2,We took the ferry bridge to the island.,31,-1
882105,C1,33,3,We have been to Santorini and iCI saw ARthe most beautiful sunset in the island.,31,37
882105,C1,33,4,I have everD ridedSProde the donkey to see the loveWCloving sea.,-1,37
882105,C1,33,5,I have lived in the cave.,30,37
882105,C1,33,6,The cave house is very famous there.,30,37
783617,C1,34,0,"My name is merson, I live in Araatuba, Brazil.",25,3
783617,C1,34,1,Brazil is the biggest country in theD Latin America.,11,3
783617,C1,34,2,We have incredible nature in my country.,-1,33
783617,C1,34,3,"We have aARthe biggest forest in the world, the Amazonian forest.PR In TheCthe Amazonian forest MWyou can often see plants and animalsMW that are rare.",30,37
783617,C1,34,4,Make sure to stay together with the tour guide.,-1,10
1057670,C1,38,0,"When I was younger, I used to buy cheap clothes.",6,17
1057670,C1,38,1,"But since about five years ago, I changed my way to do schoppingSPshopping.",21,42
1057670,C1,38,2,I especially wear colors brands.,6,14
1057670,C1,38,3,I like trendy clothes but classical clothes too.,6,14
1057670,C1,38,4,I usually choose two or three trendy pieces each season that I wear whith SPwith other clothes Dmore classical RSWO clothes.,6,14
1057670,C1,38,5,"I never buy polyester, and I don't like silk, but I prefer cotton.",6,14
1057670,C1,38,6,I've got a leather coat that I love wearing MWit in fall.,6,14
1057670,C1,38,7,"I definitely love wearing colors, and I think it's my personnalSPpersonal style RS: I'm not really myself if I wear too many dark clothes.",6,14
84251,C1,35,0,Jeff the monkeys in the picture you see are playful and are also very freindly.They like to play with each other and huge one onother.,-1,-1
84251,C1,35,1,Amy this two monkeys shown in this picture are monkeys that were found in the wild and are been threated and care off to be playful animals.,-1,-1
1201937,C1,37,0,I just saw 'Rear Window'.AS What an amazing movie!,18,19
1201937,C1,37,1,'Rear Window' was made in 1954 and was directed by the famous Alfred Hitchcock.,18,19
1201937,C1,37,2,"'Rear Window' is a dark story, like most Hitchcock movies.AS L.B.",18,19
1201937,C1,37,3,is played by James Stewart.AS L.B.,18,19
1201937,C1,37,4,"is a photographer, but his leg is broken.AS He has to stay home, so he watches his neighbors through their windows.AS I felt sorry for his poor neighbors!AS Soon, L.AS B. begins using his camera to fight evil.AS I saw the remake in 1998, but it's not the same.AS Daryl Hannah's acting was dreadful!qqqqqqqqqqqqqqqqD",18,6
44234,C1,38,0,The author Scott read the book The woman of my dreams in 1999.,21,-1
44234,C1,38,1,"The history passed in the small city in US, when a poor man loved for a rich woman.",16,40
44234,C1,38,2,The man was Brian and the woman was Cindy.,17,40
44234,C1,38,3,"The Cindy''s father didn''t wants the romance because the guy was poor, but the Brian got win the heard of Cindy.",17,40
685273,C1,38,0,quot;XIAOLI FEI DAOquot; was written by  RSGULONG.,-1,8
685273,C1,38,1,itCIt wasWCis  RSa Kung RSfu novel.,9,8
685273,C1,38,2,itWCThere was  RSa man that called LIXUNHUAN.,9,2
685273,C1,38,3,"heCHe loved  RSa girl who was  RSa beautiful and kindlyWCkind RS person, but they couldn't  RSbe together.",9,40
685273,C1,38,4,"oneCOne day the man hearedSPheard that his lover was in dangerous, so he decided to help  RSher, then the  RSman met another  RSimportant girl RS,AS heWChis life  RSchanged forever RS.",9,40
12780,C1,36,0,Hi Pedro.,-1,1
12780,C1,36,1,This is my routine.,22,9
12780,C1,36,2,I feed the dog every day at 8 pm.,4,9
12780,C1,36,3,"I feed the birds every day, in the morning and check their water two times a week.",4,9
12780,C1,36,4,"If not in rain, I take the dog for walk twice a day.",4,9
12780,C1,36,5,I water the plant all days and take out the trash once a week.,4,9
12780,C1,36,6,See you next week!,10,16
42917,C1,34,0,"Hi familyCFamily,Now we are in Santa Monica, we stayVTare staying in a nice hotel.",-1,37
42917,C1,34,1,"Today we are going to the museum, because in the afternoon MWit will be rainy.",3,26
42917,C1,34,2,In the evening we are going to the restaurant.,24,19
42917,C1,34,3,Tomorrow is going to hot and sunny and we are planning MWto go to the beach at all day.See soon!Bye!,3,26
1168801,C1,33,0,I love to travel.,31,37
1168801,C1,33,1,"WhenMWever I can, I travel with my family or my friends.",31,-1
1168801,C1,33,2,We MWhave already wentWCvisited several cities.,-1,37
1168801,C1,33,3,I prefer to travel onPRto the beach.,31,37
1168801,C1,33,4,"In November, I and Dmy friendsMW and I went to Morro de So Paulo.",11,11
1168801,C1,33,5,"In December, I and Dmy parentsMW and I went to Luis Correia and in January, I and Dmy sisterMW and I went to Porto de Galinhas.",11,11
1168801,C1,33,6,All the cities have wonderful beaches.,30,37
1168801,C1,33,7,"Next week, I am going to So Paulo.",11,11
1168801,C1,33,8,"There,D it hasn'tWCare no beaches, but there are veryWCmany musicalsD and movie theaters.",30,37
1168801,C1,33,9,"I love, tooD.",21,34
745421,C1,33,0,"Hi, Lory, RS My flight was horrible.",31,10
745421,C1,33,1,I lost my connection in So Paulo because my flight in Rio was delayed.,11,10
745421,C1,33,2,The flight attendants were very unpoliteSPimpolite and the plane seems to be in a very bad conditionsWCcondition.,31,10
745421,C1,33,3,"Besides this, the trip has been wonderful.",31,34
745421,C1,33,4,The city is very beautiful and the people isWCare funny and friendly.,30,-1
745421,C1,33,5,My returning flight will be at April 23ThSP23rd.,31,10
745421,C1,33,6,I hope it will be better.,10,16
745421,C1,33,7,"See you, RS Jorge",10,16
94888,C1,35,0,Look at these monkeys!,-1,-1
94888,C1,35,1,"They're friendly and cute, we like them .",-1,29
94888,C1,35,2,What about you?,0,-1
745425,C1,37,0,I love Apocalypse now.,-1,34
745425,C1,37,1,It is one of the best filmPLfilms I amWChave ever seen.,18,19
745425,C1,37,2,The plot is very interesting and the main actor is played very well.,18,19
745425,C1,37,3,Marlon Brando has a dark character.,1,8
745425,C1,37,4,"In the end,AS good wins evil, but it is not a happy ending film.",18,19
745425,C1,37,5,It is a drama film.,18,19
745425,C1,37,6,The actions are wonderful and the scene of helicopters attack is amazing.,18,34
184108,C1,33,0,"Hi mum and dad, I'm going to go to a music festival this weekend.",13,11
184108,C1,33,1,The cost of a ticket it'll expensive.,-1,18
184108,C1,33,2,"I'm taking a tent, sleeping bag, clothes.",-1,-1
184108,C1,33,3,I going to listen to rock and dance music.,13,22
184108,C1,33,4,It'll be interesting.,10,34
184108,C1,33,5,I hope you can have a great time.,10,31
184108,C1,33,6,Nora.,26,8
936720,C1,37,0,I just saw quot;Rushquot;.,9,8
936720,C1,37,1,It's very great.,10,34
936720,C1,37,2,It was made in 2013 and was directed by Ron Howard.,18,19
936720,C1,37,3,It's adapted from the true history of F1 Race.,18,-1
936720,C1,37,4,It's about two racers' competition story.,18,-1
936720,C1,37,5,They were all talent WCtalented in AR the race.,18,-1
936720,C1,37,6,But they are so different.,-1,23
936720,C1,37,7,"One named Jame Hunt was played by Chris Hemsworth, and he was good at entertainment and enjoying life.",18,19
936720,C1,37,8,"The other named Niki Laudr was played by Daniel Bruhl, and he was a ARan expert in the race.",18,-1
936720,C1,37,9,He knew much science knowledge about the car.,21,-1
936720,C1,37,10,But they all got the world champions.,18,-1
936720,C1,37,11,They were friends and competitors.,18,-1
936720,C1,37,12,They respected each other but always hated each other.,18,-1
936720,C1,37,13,I love them both.,-1,34
936720,C1,37,14,I suggest you to Dwatch this move WCmovie and get some life truth.,18,19
115776,C1,40,0,"Dear friend, If you come to canada you shouldn't stay to late.",8,10
115776,C1,40,1,It isn't impolite to invite you to leave.,8,-1
115776,C1,40,2,Also don't yelling so loud to your fiend at the other side of the street.,-1,23
115776,C1,40,3,That's viewed as inapropriate.,16,-1
115776,C1,40,4,"When you go to visit someone, you should always bring a small gift.",8,10
115776,C1,40,5,"When going through a door with other friends, you should always let ladies go first.",8,-1
115776,C1,40,6,See you soon!,10,16
832619,C1,40,0,"Dear friend, It'sWCI'm very glad to hear you will come.AS In Canada,AS you should take notice to something.AS You shouldn't yell down the street to a friend,AS that is viewed as inappropriteSPinappropriate.AS You should btingSPbring a small gift when you go to visit someone,AS and you shouldn't stay too late,AS Canadians consider it impolite to invite you to leave,AS they expect you to choose the right time to go.%%You should not go out alone at ninghtSPnight in big cities,AS it could be dangerous.AS It's very impolite to smoke in public,AS it is against the law.",8,10
832619,C1,40,1,Hope you come soon!,10,16
886521,C1,35,0,I first met my class friend.,21,40
886521,C1,35,1,I was 7 year old.,21,28
886521,C1,35,2,After eight years iWCI stardedSPstudiedPR at ARthe university.,21,43
886521,C1,35,3,I was going to MWmy first lesson when someone called out to me.,21,40
886521,C1,35,4,I turned backCO and firstWCsaw my class friend.,21,40
886521,C1,35,5,We talked PRfor a long time.,21,-1
886521,C1,35,6,He has Dlived in Dabroad.,21,37
886521,C1,35,7,He was married.,21,40
886521,C1,35,8,He hasVThad a beatiful child.,-1,33
886521,C1,35,9,Tommy is my friend but now he is my best friend,17,-1
223139,C1,36,0,"Dear Sebahat, you CYou know that when I MWgo on holiday, I'll need your help for my house.",-1,-1
223139,C1,36,1,"I wrote a my schedule for thatMWso  please be careful.First, I water the plants in the kitchen and feed the birds every morning.",4,9
223139,C1,36,2,"After that I take the dogs for a walk, they play games in the MWpark and love it.",4,-1
223139,C1,36,3,"I do that twice in a day but after MWthe night WCnights walks SIwalk I feed the dogs so WCbecause they're really hungry, please don't forget that.",4,9
223139,C1,36,4,"By the way, I just check WCchecked the birds' water MWon  Tuesday and Thursday.",4,9
223139,C1,36,5,"You'll love the fish while you're watchingWOto watch the fish  but you should feed them once a day and Dtwice a week, I usually feed themPRin  afternoon, Monday, Wednesday and Friday.",4,9
223139,C1,36,6,"Finally, you must throw the trashMWout on  Tuesday night.Please be careful, Dand thank you very much your kindly WCkind help.Take care yourself.Onder.",-1,-1
728249,C1,34,0,"I'm Lena from Moscow, Russia.",11,3
728249,C1,34,1,It's ARthe biggest city my country.,30,37
728249,C1,34,2,Our nature is very bright and wondrous.,-1,33
728249,C1,34,3,"There are a lot of forests, fields and rivers.",30,37
728249,C1,34,4,"We have four different seasonsPU: snowy winter, hot summer, colourful autumn, fresh spring.",3,26
728249,C1,34,5,"I like to Dskiing in December, swimming in July, cropingSPcropping in October and riding bike in March.",7,26
728249,C1,34,6,I love our nature.,-1,33
921460,C1,35,0,I first met my colleague Frank when we were skiing together in 2009.,21,40
921460,C1,35,1,We had a lot of fun in Austria.,31,31
921460,C1,35,2,2 years later I met him again.,21,-1
921460,C1,35,3,"He asked me, if MWI want to be his secretary in his company.",21,42
921460,C1,35,4,I said quot;Yesquot;.,9,8
921460,C1,35,5,Now we are the best team in the office.,21,-1
921460,C1,35,6,I like to work with him.,21,-1
921460,C1,35,7,He is a good colleague and a really good friend.,21,-1
767969,C1,37,0,I have watched quot;Tropa of Elitequot; anARa brazilianCBrazilian movie whatWCwhich was wroteWCwritten by director Wagner Moura.,18,19
767969,C1,37,1,It's an action movie and I like this type of movie.,18,19
767969,C1,37,2,The story is about crimes and corruption in Rio MWde Janeiro.,18,7
767969,C1,37,3,This movie was made in 2005 and PRin 2011 MWit was made Tropa of Elite II.,18,19
767969,C1,37,4,"The story is about a policeman who has to find a substitute before of to retireWChe retires, but yourWChis co-workers are corrupt and they want heWChim dead to no toWCnot ruin the link there is Dbetween the group of corrupt policemanPLpolicemen and traffickers.",15,7
767969,C1,37,5,TheWCIt is ARan amazing movie and I recommendMW it.,18,19
736052,C1,35,0,"I first MWmet my colleague, Ana Lcia RS, when I was getting water at the office seven years ago.",21,-1
736052,C1,35,1,"When I saw that, I really liked her.",21,-1
736052,C1,35,2,"She has blond hair, very tall, brown eyes and a good smile.",1,4
736052,C1,35,3,Ana Lcia and I enjoy working onPRat DCC together.,21,-1
736052,C1,35,4,"Ana Lcia is my colleague, but now she's also my old friend.",21,-1
736052,C1,35,5,I love it!,10,34
225110,C1,35,0,"I don't like monkey but I like watching it, as I scarier than monkey.",-1,-1
225110,C1,35,1,They're strong and scary.Monkeys not beautiful.,-1,-1
225110,C1,35,2,They're cute and playful.They're not wings and claws.They're more loyal than tigers.They're more affectionate than elephant They're eating birds and herbs.Monkeys more intelligent They're more dirtier than cat.,-1,-1
983016,C1,38,0,"I prefer wearing severytime, specially when you want in  to want in another shops minus famous.",6,14
983016,C1,38,1,"Normally I do it, I spend a bigWClot of time wantWCwanting suit cheapWOcheap suit but with quality and elegant, as this isn't easy but is possible.",6,14
983016,C1,38,2,"If you don't win much money this is solution, to me is valid today.",21,18
983016,C1,38,3,However when I have a special date I buy aD stylish clothersSPclothes.,6,14
983016,C1,38,4,"I rather aWClike elegant white, green, blue, gray cotton shirt and a casual simple, basic colors, cotton shirt.",6,14
983016,C1,38,5,I prefer nice and tradicionalSPtraditional black or brown leather shoes.,6,14
983016,C1,38,6,"ToPRFor casual day I rather aWCwear simple clotherSPclothes too, I prefer a tradicionalSPtraditional blue jeans with a basic t-shirt and aD writeWCwhite tennis-shoes.",6,14
698698,C1,39,0,"Hi,AS Paul.",12,1
698698,C1,39,1,"I'm terribleWCterribly sorry that I missed your wedding, but I have a bad fever.",10,35
698698,C1,39,2,I also have a headache.,24,6
698698,C1,39,3,My head isVTwas too hurtWOhurting too much to move.,14,6
698698,C1,39,4,So I went to the doctor's and he said MWthat I should stay in bed and take medicine.,24,6
698698,C1,39,5,He also reminded me MWto drink plenty of water and MWtake lots of rest.,21,6
698698,C1,39,6,I should be better in a few days.,10,-1
698698,C1,39,7,Best wishes to you.%% Vivian,-1,5
258962,C1,36,0,Hi!,12,1
258962,C1,36,1,"In the morning,I water the plants and put some food for the birds.In the afternoon I put food for the fish and walk with the dogs,but if it will rain u can't do it,but if it will rain I play games..At night put food for the dogs and go out the trash.And don't forget before that check water of the birds.",4,9
258962,C1,36,2,Thanks.,-1,5
602581,C1,34,0,My ouest there is the see with the Atlantic Ocean and east south there is MediteraneSPMediterranean see.,30,37
876130,C1,34,0,"Hi, Dears I'm on vacation in Santa MCalifornia SPMonica of PRin California.",11,31
876130,C1,34,1,"The weather is going to rain WCbe rainy all afternoon today, but I'll not be WCstay indoor, PLindoors, I'll go to the museum and eat at one of the great restaurants.",3,26
876130,C1,34,2,"Tomorrow it's going to be very hot and sunny, the temperature will be 180 Fahrenheit, it's VTit will be a good day for ARthe beach, in the evening, I will go to the bars, I'm excited!%% Best Regards!",3,26
876130,C1,34,3,Carry,15,8
272841,C1,33,0,Dear mum and dad :PU: I'm going to go to a music festival which will be held in Zhongshan PRin this April.The music festival MWwill isWCbe takingWCon PRfor four days from ARthe 4th toPRtill ARthe 7th PRof this April.,13,11
272841,C1,33,1,"It must be fun and excitedWCexciting.I'm going to listen to the Dclassic music which is my favourite,PUfavourite, yourWCyou know .PUknow.",13,34
272841,C1,33,2,I'mWCI'll not stayingVTstay in MWa hotel this time .I'mWCI'll takingVTtake a tent and a sleeping bag....It can save money.,-1,-1
272841,C1,33,3,I'm taking an umbrella for it often rains in Zhongshan .I hope you are with me.Yours,3,26
608850,C1,34,0,"Hi Mom and Dad, RS Here in California it's fantasticPU, nice and great.",-1,-1
608850,C1,34,1,"RS Today we wolkedSPwalked to ARthe coast, but in ARthe afternoon we stayed PRin the hotel.",-1,-1
608850,C1,34,2,BecauseCOhotel because the weather in Dall afternoon wereAGwas rainy.,3,26
608850,C1,34,3,Tomorrow we're going to sightsee all day.,3,-1
608850,C1,34,4,The weather will be very hot and sunny.,3,26
608850,C1,34,5,RS See you...,9,16
608850,C1,34,6,Kisses,2,0
23680,C1,33,0,Hallo SPHello my dear family.,-1,1
23680,C1,33,1,I'm going to the hiphop festival in munichCMunich.,13,11
23680,C1,33,2,I'm so happy!,-1,29
23680,C1,33,3,The tickets cost 26.- EURPLEUROS.,-1,18
23680,C1,33,4,The festival is starting at PRfrom 27th April.,13,11
23680,C1,33,5,"I'm taking a tent, and only a D T-Shirt and socks.",-1,-1
23680,C1,33,6,"I'll sleep in the ARa tent, or in my car.",-1,-1
23680,C1,33,7,"On PRDuring the festival I'll listen to a lot of hiphop singers, for example Nelly and P. Diddy.",13,11
23680,C1,33,8,"I'll call to Dyou, when I'm back.",10,16
23680,C1,33,9,See You.,10,16
23680,C1,33,10,"PU,Bye.",2,0
174229,C1,37,0,My home was robbed on 31st January.,15,7
174229,C1,37,1,"First, I went home for a meeting file at 9am.",24,21
174229,C1,37,2,Then I found the house lock was broken on the door.,15,7
174229,C1,37,3,I opened the door and came into the house.,15,30
174229,C1,37,4,Then I saw a thief was breaking the window.,15,7
174229,C1,37,5,I didn't stop him because he has a gun.,15,7
174229,C1,37,6,Next I called the police.,15,7
174229,C1,37,7,He stole a nice watch value $1500.,6,7
978514,C1,38,0,I don't like brands clothes.,6,14
978514,C1,38,1,I prefer to buy 4 or 5 pieces of without brands clothes than a only piece of brand!,6,14
978514,C1,38,2,I don't buy outfits expensivesWOexpensive!,6,14
978514,C1,38,3,My wardrobe has a lot of variety of pieces and colors.,6,14
978514,C1,38,4,"I hasWChave paintsWCpants, jeans, ARa mini-skirt, but I don't like T-shirts, i'dSPI'd rather MWwear tight shirts.",6,14
978514,C1,38,5,"I have ARan old, brown, polyester jacket, but I love it!",6,14
978514,C1,38,6,"Finally, I'm not very fashionWCfashionable, I'd rather MWwear basicsWCbasic outfitPLoutfits, but I always have some clothes hotWOhot clothes!",6,14
4622,C1,33,0,Hi people!,12,1
4622,C1,33,1,"I'm going to SWU, in Itu-Sao Paulo, on November 20th.",11,11
4622,C1,33,2,The tickets are so expensive: 100 pounds!,-1,18
4622,C1,33,3,"I'm goint to stay in a tent and I'll need somethings: sleepingbag, backpack, bottle of water.",-1,-1
4622,C1,33,4,"I'm not sure, but maybe It'll not rain.",3,26
4622,C1,33,5,"I'm going to listen Dave Matthews, my favourite band.",13,22
4622,C1,33,6,Kissess Leo,2,0
958697,C1,33,0,I really like traveling.,31,37
958697,C1,33,1,I went to Prague beforSPe few years.,31,37
958697,C1,33,2,I've seen Prague Castle.,-1,37
958697,C1,33,3,I've walked iPRon the Charles Bridge.,30,37
958697,C1,33,4,I loved Prague Astronomical Clock.,31,37
958697,C1,33,5,I also went to Karvina in Czech Republic.,31,37
958697,C1,33,6,I've stayed in Lazne Darkov Spa for nine montheDs.,-1,37
958697,C1,33,7,I've taken the treatment for my health there.,30,6
958697,C1,33,8,I've seen The Olza River in Karvina.,30,37
958697,C1,33,9,I really likeVTd the ducks there.,30,33
958697,C1,33,10,I've taken some picturePLs of them.,17,-1
958697,C1,33,11,"I haven't been to any Island yet, but I really want to go to Maldives.",31,37
958697,C1,33,12,I saw the gorgeous beachSPesPU' pictures.,31,37
958697,C1,33,13,It's amazing.,10,34
958697,C1,33,14,I hope that I can go there soon.,30,16
48036,C1,33,0,"Hi mum,I'm going to go to a music festival with my friends.",13,11
48036,C1,33,1,I'm going to listen to rock and jazz music there.,13,22
48036,C1,33,2,"I need to take a tent, a sleeping bag and a backpack.",-1,-1
48036,C1,33,3,"There is warm, but maybe it'll rainXCIt is warm there, but it may rain..",3,26
48036,C1,33,4,I'm usingWCtaking t-shirt CT-shirt  and shorts.,6,14
48036,C1,33,5,I'm taking ISa raincoat in my backpack.,-1,-1
1059546,C1,33,0,I've already been in Rome.,11,3
1059546,C1,33,1,It's the most beautiful city I have ever seen.,30,37
1059546,C1,33,2,I visited St. Peter's Cathedral and the Colosseum.,30,37
1059546,C1,33,3,Iwill go there.,30,-1
829089,C1,36,0,Kanatim is my favorite restaurant.,28,39
829089,C1,36,1,They serve chicken.,28,39
829089,C1,36,2,They have many different appetizers and entrees.,28,39
829089,C1,36,3,The mushroom soup is an excellent appetizer and Chef's salad is delicious.,28,39
829089,C1,36,4,The restaurant is very nice near the sea and all servers are friendly.,28,39
829089,C1,36,5,The prices are very reasonable.,16,18
829089,C1,36,6,The restaurant MWis opensWCopen in week and weekendsWCall through the week.,28,-1
829089,C1,36,7,I always like to go there.,30,37
829089,C1,36,8,thereCThere is very funySPfunny.,-1,39
4626,C1,37,0,"One week ago, my home was robbed.",15,7
4626,C1,37,1,I came home to get my tablet because I forgot to bring it to work.,15,7
4626,C1,37,2,Then I saw the broken windownSPwindow and ISthe brokenlock on the door.,15,7
4626,C1,37,3,I saw the place was a big mess!,-1,-1
4626,C1,37,4,I noticed my computer was gone.,15,7
4626,C1,37,5,"I ran out to the balcony soWCand I saw the thieveSPthief going away very fastPHsprinting away!Finally, I called the police.",15,7
841625,C1,36,0,The Rodero is my favorite restaurant.,28,39
841625,C1,36,1,They serve aunthenticSPauthentic traditional navarra CNavarra food.,28,39
841625,C1,36,2,They don''t have many appetizers but they have many and DexcelentSPexcellent entreesSPentries.,28,39
841625,C1,36,3,I lkeSPlike very much the goatWOthe goat very much.,-1,-1
841625,C1,36,4,They also serve traditional and DdeliciussSPdelicious desserts that you can''t find at PRin another WCother restaurants.,28,39
841625,C1,36,5,"The restaurant is noisy, modern and they offer free parking, something important.",28,39
841625,C1,36,6,The prices are expensive but it is normally because a goog SPgood traditional kitchen has much work.,16,18
841625,C1,36,7,The also have very goog SPgood spanish CSpanish wines.,28,39
1039936,C1,34,0,"My name is WuAS Bo RS, I am fromWO Sichuan in chinaCChina RS,PU.I live in SiChuan,DSiChuanWC The region haveAGhas a lot of mountains,PU.",25,3
1039936,C1,34,1,"The Emei mountain is the bestEXmost famous in chinaCChina,PU.",30,37
1039936,C1,34,2,"The panda is a national levelWCnationally to protectVTprotected animalsSIanimal,AS everyone likeAGlikes himPLpandas,PU.inD myCMy hometown haveAGhas yellow sheep,PU: thereWCthey are very interesting",-1,-1
927983,C1,33,0,I have traveled to 5 countries.,31,37
927983,C1,33,1,"I've seen muchAGmany church, PLchurches, museumPLmuseums and brigde, PLbridges, bought fanySPfancy clothes, drinkedVTand drank lots of  muchD RSbeer.",-1,37
100441,C1,35,0,"The Monkeys are not friendly, they could kild a person, they are dangerous, but they live in a big groupe, they are a good parents, they are smaller than hippos, and eat some bananas than no other animal, I do not like Monkeys, they are no beautiful than the Giraffes.",-1,-1
1070622,C1,36,0,"The Kisuke is a good choice for meal.AS It is located in Sendai city,AS Miyagi prefecture.AS It has many branches,AS and you can find the restaurants nearby Sendai station.AS Its specialty is grilled beef tongue with rice.AS We call it quot;Gyutanquot;,AS and it is famous for everyone in Japan as a local food in Sendai.AS You can find many restaurants in Sendai serving quot;Gyutanquot;dishes.AS Any way,AS in addition to that,AS The Kisuke serves beef tongue soup.AS It tastes little plain,AS but tasty.AS Maybe the prices isn't inexpensive due to being meat,AS but I think it worth.AS It serves fabulous dishes.",28,39
994467,C1,36,0,My last restaurant visit was inPRat quot;Pizza Hutquot; RestaurantCrestaurant!,28,39
994467,C1,36,1,"We like that restaurant, because it's near from our home and they have so many different food, which we like.",28,39
994467,C1,36,2,"As an appetizer we take alwaysWOalways take fried shrimps, they are very delicious.",28,39
994467,C1,36,3,"Further, for the main course, we order a big pizza or chicken.",28,39
994467,C1,36,4,The chicken comes with potatoes and aD little of Dgreen vegetables.,28,39
994467,C1,36,5,"For drinks, there are a lot of fresh juices and we like the garnet-apple drink.",28,39
994467,C1,36,6,It tastes very delicious.,28,39
994467,C1,36,7,For dessert we have alwaysWOalways have chocolate cake with coffee.,28,39
994467,C1,36,8,"It is a nice restaurant, the servers are friendly and the prices are not too expensive.",28,39
1014052,C1,34,0,"My name is Tim, I live in Lyon RS,AS in France.",25,3
1014052,C1,34,1,The DFrancesSPFrance inWCis a beautiful country with ARa large area.,30,37
1014052,C1,34,2,"France has lots of mountains: the Pyrenees RS, the Jura RS, the Central MassifPU; but the most interesting mountain is the Alps for the Mont Blanc because it has MWa height of 4810,06 m and there isAGare lots of ski runWCskiing areas.",30,37
1014052,C1,34,3,"The DFrance has lots of seaWCa long coastline with: the Mediterranean sea, the English Channel and the Atlantic OceansSIOcean.",30,37
122970,C1,38,0,"Title:Olive twist Author:Dickens Type of story:fiction Setting:19th-century England Main characters:Olive twist, Nancy,Fagi Plot: an orphan was born in orphanage, before he was saved he experienced much bitter suffering Charles Dickens worte a sucessful fiction named &quot;Olive twist&quot;, till now, the fiction influenced us deeply.",18,8
122970,C1,38,1,"When Olive twist was born, his mother past away immediately, so he was become an orphan.",18,-1
122970,C1,38,2,"When he was a little young, he was sent to coffin shop as a worker.",21,-1
122970,C1,38,3,"One day, he fighted with a colleague and left.",15,-1
122970,C1,38,4,"And then he was introduced to Fagin and became a thef, although he was not willing to do so, but he was no choice.",18,40
122970,C1,38,5,"Eventually ,under Nancy's help, he was saved.",17,-1
122970,C1,38,6,"I like the fiction, I have read the book and have watched the movie too.",18,19
1146741,C1,37,0,"I saw Gravity wasD RS, MWit was ]made in 2013 and directed by Alfonso Cuarn.",18,19
1146741,C1,37,1,"The history of some astronauts who are doing a concert in the international station when they are surprised by a detonation in series of Russian satellites, debris from satellites begin to disintegrate the station and begins a drama Sandra Bullok that lives on the skin desperation to survive, the soundtrack is great and ARthe excellentD movie popcorn was also good.",18,19
11937,C1,34,0,"Hi,D Mom.PU, We're in California.",11,-1
11937,C1,34,1,"It's going to rain all afternoon for this reason I'm going to stay home today, but tomorrow, the weather is going toMW be  very hot and sunny, the temperature is VT will be 180 degrees Fahrenheit.",3,26
11937,C1,34,2,I love the beach.,31,37
11937,C1,34,3,"I'm going to go to the beach tomorrow morning.IS Love, IS Your name",31,37
613381,C1,38,0,"Xiao Ao Jiang Hu Title: xiaoCXiao Ao Jiang Hu Author: Jin Yong Type of story: Novel Setting: in early of Ming dynasty, China Main characters: Frank, Frank's teacher, Henry Plot: Frank wins PRover his teacher and got theWCbecomes number 1 in JiangHu JinYong wrote a very good novel calledquot;Xiao Ao Jiang Huquot;,AS it is a love story that began in early MWperiod of Ming dynasty in China, Frank's teacher was very sly and always exploitVTexploited Frank to win PRover otherWCanother enemy, finally Frank killed his teacher and got married withPRto his teacher's daughter.%% I liked this novel.",-1,8
35346,C1,33,0,"Dear mom and dad, I'm going to go to a music festival on this weekend.It will be hold at Sun plaza and the ticket is 50 yuan.",13,11
35346,C1,33,1,"I will stay in tent in the evening,I'm tacking a tent,sleeping bag,flashlight,T-shirt,sunscreen,sungalss,raincoat and botteld water.All of them are we need.",-1,-1
35346,C1,33,2,I think i will have a nice weekend at the music festival and i wish you will have a nice weekend too.,13,31
35346,C1,33,3,Best wishes Lily,-1,5
9537,C1,39,0,"Hi, Paul, I am sorry that I missed your wedding, because my boss arrange me to have a bussiness trip in BeiJing, I can't join your party during the trip, also I know that Mike missed your wedding too because of his sick, so I plan I visit your home with Mike in recent days, hope that this visiting can send our best wish to your family.",-1,35
9537,C1,39,1,Best wishes.,-1,5
9537,C1,39,2,Nicholas,26,8
1145759,C1,36,0,'De La Rose' is my favorite restaurant.,28,39
1145759,C1,36,1,They are DservingVTserve French meals.,28,39
1145759,C1,36,2,They have a wide range of choices in their menu.,28,39
1145759,C1,36,3,"Their specialty inSPis sea food like shrimpPU, MWwhich is very delicious mealsD.",28,39
1145759,C1,36,4,"For dessertsD, they have juices, ice cream and cakes .PUcakes.",28,39
1145759,C1,36,5,"This restaurant is very popular in FrancePU, and Dyou hardly find aARan MWempty seat theirSPthere , PU, MWand soPU, you should make ARa prior reservation.",28,39
975127,C1,34,0,"My name is Letizia,PU.",27,2
975127,C1,34,1,"I live in Rome, Italy.",11,3
975127,C1,34,2,"Italy is a wonderful place,PU.",11,37
975127,C1,34,3,natureCNature is incredible:PU.,-1,33
975127,C1,34,4,"thereCThere are many animals species: horses, cats, dogs, birds, fishes.",-1,-1
975127,C1,34,5,"RS Mild temperature promoterWCpromotes growth of many beautiful plants: orchids,AS roses, daisies.",-1,37
975127,C1,34,6,I'd suggest you see nationanSPnational park quot;Gran Paradisoquot; where you will see bears and wolves too.,30,37
573251,C1,36,0,"Hi NadaPU, 3 Thanks a lot for caring PRfor my house and my pets RS.",19,5
573251,C1,36,1,"My routine is RS: iCI water the plants every morning RS, PRwith the water can in the kitchen RS, and pleasSPplease put the plants near the open window RS.",4,9
573251,C1,36,2,"I care to walk my dogs aD twice a day RS,PU.",4,9
573251,C1,36,3,"pleasSPPlease don't walk them in the rainy weather RS,PU.",3,26
573251,C1,36,4,"youCYou caneSPcan take some toys from ARthe store to play with them RS, and don't forget PRto feed them at night RS.%% I feed the birds at 8 am every day and check the water three times a week RS.",4,9
573251,C1,36,5,"I feed the fish every Monday RS, wednesdaySPWednesday RS, fridaySPFriday in the afternoon RS.",4,9
573251,C1,36,6,I take the trash out Tuesday night RS.,-1,13
573251,C1,36,7,"youCYou don't have to clean the house or sweep the floor everyday RS, do it twice a week RS.",22,13
573251,C1,36,8,seeCSee you next week RS.,-1,16
293532,C1,34,0,To: Dad and Mom From: Rita Hi Dad and Mom!,20,-1
293532,C1,34,1,"I'm in Santa Monica, California.",11,3
293532,C1,34,2,It's going to rain all afternoon taday.,3,26
293532,C1,34,3,It's too wet and rainy to do outdoor activities.,3,26
293532,C1,34,4,So I'm going to go to the museum in the morning and eat at a great restaurant in the evening.,24,19
293532,C1,34,5,"Tomorrow, it will be a good day, sunny and hot.",3,26
293532,C1,34,6,It's perfect to go to the beautiful beach!,31,37
293532,C1,34,7,"And I'm going to a bar at night, it must be very exciting and great fun!",-1,19
293532,C1,34,8,Hope you are well.,10,-1
293532,C1,34,9,See you soon!,10,16
293532,C1,34,10,Rita,26,8
136667,C1,33,0,"HiPU, my brother.I'm gonna XCgoing to go to a music festival this weekend.I already bought the ticket.",13,11
136667,C1,33,1,"I'm taking T-shirt, short, sunscreen and sunglasses.",-1,14
136667,C1,33,2,Maybe it'll rain.,3,26
136667,C1,33,3,"So I'll need a ARan umbrella, a tent, a sleeping bag and a backpack.On SaturdayPU, I'm watching many rock bands.",-1,-1
136667,C1,33,4,I hope you have a nice weekend too.Alessandro,10,31
664419,C2,45,0,We identify a problem for our business.,21,41
664419,C2,45,1,The customer reclaimed the treatment of one employesSIemployee.,21,-1
664419,C2,45,2,We can't permit this situation occurs again and is necessary MWto lay off this employeSPemployee.,21,41
664419,C2,45,3,Our differencialSPdifferential is the treat that we give to them and we don't have other choose.,21,39
664419,C2,45,4,In first place WeCwe have theWCto send thisPLthese questions forWCto the HR departamentSPdepartment for the necessary providences.,21,42
664419,C2,45,5,For hteSPthe new employeSPemployee I think that he have this salient characteristic to treat the people.,21,-1
664419,C2,45,6,"This is concern, but is necesarySPnecessary.",21,-1
664419,C2,45,7,Regards; CEO,-1,5
380975,C2,48,0,"Hi, I'm fine thank you.",10,-1
380975,C2,48,1,"Oh, it's going to be great to meet you again.",10,-1
380975,C2,48,2,"But, on Tuesday I will be busy on lunch time, I already have plans.",5,35
380975,C2,48,3,"But, what do you think about dinner?",24,39
380975,C2,48,4,"We can meet at that good, old restaurant nearby my work.",28,39
380975,C2,48,5,It will be awesome.,10,34
380975,C2,48,6,"So, if you are free let me know it.",-1,16
380975,C2,48,7,Sincerely.,-1,8
380975,C2,48,8,Barbara Cristina,26,8
1197034,C2,41,0,"SubjetcSPSubject: Summary of the meeting of parents Dear educational coordinator, Here's a summary of the meeting: * Then they said DtheCThe parents MWasked onPRabout the educational development of Debby.",21,27
1197034,C2,41,1,MWI ExplainVTexplained that she is struggling to keep up with the activities.,21,36
1197034,C2,41,2,* MWThey AlsoCalso questioned about adapting PRto the new class.,21,43
1197034,C2,41,3,I explained that she is very excited about the new class.,21,34
1197034,C2,41,4,Action Item: Debby will do strengthening activities.,21,41
1197034,C2,41,5,"Thanks.PU, Rita",-1,5
925415,C2,44,0,To: xxx@low.com; Cettavizzilib.com From:xxx@hotli.com Subject: networkingCNetworking in Florence Hi Olga and Cetta.,21,27
925415,C2,44,1,I just returned from aD successful networking in Florence.,21,-1
925415,C2,44,2,There were one hundred people that show their idea for new style of shoeseSPshoes.,6,-1
925415,C2,44,3,I think that theD Roberto Cavalli was excited about my summer shoes.,6,26
925415,C2,44,4,MybeSPMaybe he'll call me next month.,10,16
925415,C2,44,5,I'm very happy that I've knownWCmet that famous person.,-1,29
925415,C2,44,6,I'll tell you more next mondayCMonday!,10,16
925415,C2,44,7,Adriana,26,8
374010,C2,48,0,Dear Jasmine' Thank you for inviting me for lunch.,8,-1
374010,C2,48,1,Unfortunately I'll be busy at that time.,5,35
374010,C2,48,2,Can we reschedule to be for dinner?.,24,35
374010,C2,48,3,Let's meet at the mexican restaurant by java cafe'.,28,39
374010,C2,48,4,It will be exciting to have our meal there as usual.,28,39
374010,C2,48,5,After having dinner I'm going to our friend Mick party.,8,32
374010,C2,48,6,It will start late at 10pm.,24,-1
374010,C2,48,7,If it's sound good to you let's meet then.,10,-1
374010,C2,48,8,yours JJ,-1,8
44747,C2,48,0,Hi!,12,1
44747,C2,48,1,Sorry but I'll be busy allday at Tuesday ... but how about Friday at 1pm?,5,35
44747,C2,48,2,My lunch break will be at 1pm to 2pm!,24,20
44747,C2,48,3,Will be great to see you again!,10,16
44747,C2,48,4,I will love it!,10,34
44747,C2,48,5,Can I confirm with you tomorrow?,10,-1
44747,C2,48,6,Do you make the reserves at Restaurant?,28,39
44747,C2,48,7,Thanks to invite me!,8,-1
44747,C2,48,8,Kisses,2,0
544440,C2,46,0,The PUAlliance of Valiant ArmsALLIANCE OF VALIANT ARMSD is the kind of the Dshooting computer game.,-1,-1
544440,C2,46,1,The rules of this game is PRare simple.,-1,23
544440,C2,46,2,"Firstly, you have to buy you own gun, secondlyPU, you will become one of the soldier in the two army and have to fight against each anther.",15,7
544440,C2,46,3,This game has many difference VTdiffrent pattern.,-1,23
544440,C2,46,4,VTpatterns.,-1,8
544440,C2,46,5,"For example annihilate, you just have to annihilate MWany antagonism VTantagonizing army soldier.",-1,7
1070837,C2,42,0,When iCI was at school iCI fell down the stairs and iCI broke my rigthSPright hand.,-1,6
1070837,C2,42,1,I spent a lot of time aPRat the hospital and iCI couldn't use my hand for two mounthSPmonthPLs.,-1,6
972617,C2,41,0,"Summary of modification meeting Dear brothers, Here's a summary of our modification on scheme meeting: - Ali asked how to modified blocking signal from SCADA.",21,27
972617,C2,41,1,Joe said we have to put auxiliary relay self-hold type in the circuit.,21,-1
972617,C2,41,2,- Sami asked what we're doing to release this signal.,21,-1
972617,C2,41,3,Amir said we should put another auxiliary relay to cut off the circuit.,21,-1
972617,C2,41,4,Action item: * Amir said that we need to purchase items and anything required else that help us to achieve the work.,21,41
972617,C2,41,5,That's all.,2,8
972617,C2,41,6,Please tell me if I forget anything.,-1,8
972617,C2,41,7,"Thanks.PU, My regards Abdullah",-1,5
62889,C2,48,0,"Sorry, I willVTam busy,PU.",5,35
62889,C2,48,1,"let'sCLet's goD rescheduleMWour meeting for another day,PU.",-1,35
62889,C2,48,2,"orD weCWe can goingWCgo to theARa restaurant for dinner,PU; it will be great,PU.",28,39
62889,C2,48,3,"theWCThis restaurant has aD great mealWCfood,PU.",28,39
62889,C2,48,4,"forCFor starter they hasAGhave a nice tomatosSItomato soup, and MWtheirsteak is great,PU.",28,39
62889,C2,48,5,"foPHTheir desertSIdessertPRof ice-cream is amazingPU;MWit is not too sweet,PU.",28,39
62889,C2,48,6,IVTwill see you soonPU.,10,16
188527,C2,47,0,"oct 30th,2011 I have a horrible meal in this restaurant.I had a mushroom soup as a starter.The soup is readlly saltly.I ordered a five cooked steak,but they give me eight cooked.The salas is not frash.The red wine is just like warter.The coffer is so bitter that i can not drink any.I will never come to this restaurant.",28,39
931386,C2,43,0,I know a woodworking company that made a lot of wood products.,21,-1
931386,C2,43,1,The products were first rate and there was no competition in their industry.,-1,-1
931386,C2,43,2,"ButPU, the company's costs wereWCwent up and up.",16,18
931386,C2,43,3,The managmentSPmanagement team decided that the only way to solve this problem isVTwas the Djob cuts.,21,41
931386,C2,43,4,"Unfortunately, about three hundred of ARthe workers lost their jobs.",21,41
931386,C2,43,5,"Finally, a company figured out a solution and rolled out their products again.",21,41
331887,C2,47,0,I just ate in your restaurant and I have to complain because all the things were very disappointing.,28,39
331887,C2,47,1,"Firstly my soup was salty, then I had a steak which was overcooked, and salad that was not fresh.",28,39
331887,C2,47,2,"I didn't get to eat the dessert, because the apple pie was too sweet.",28,39
331887,C2,47,3,After I ordered a coffee that was cold and bitter.,28,39
331887,C2,47,4,"I also ordered a expensive red wine, but it was sour.",28,39
331887,C2,47,5,"Definitely I won't go anymore in your restaurant, because all was horrible.",28,39
584827,C2,43,0,"The last year, I was working in a company, that deliver reports about telecomunicationsSPtelecommunications.",21,42
584827,C2,43,1,The reports were being made manually and the process was slow.,21,-1
584827,C2,43,2,The management did not want to stop a few timePLtimes to think about the programming solution in report to do the activity more fast.,21,-1
584827,C2,43,3,"After some months, the work has greatly increased, and the solution was applied.",21,-1
584827,C2,43,4,I developed a automatic report and the process was runWCrunning faster.,21,-1
223379,C2,41,0,Even Isabella and John fall deeply in love.,17,40
223379,C2,41,1,"They have a trouble,Tom who is the fiance of Isabella.",17,40
223379,C2,41,2,"First, Isabella and John have a good time, they enjoy themself everyday.But when Tom has known this.",17,31
223379,C2,41,3,He decides to kill John.,17,7
223379,C2,41,4,Just then the ship bumped a iceberg.,17,6
223379,C2,41,5,Everybody in the ship wants to go away.,17,0
223379,C2,41,6,John stayed in the ship for his girlfrend.,17,40
223379,C2,41,7,Then he died.,15,7
223379,C2,41,8,And Isabella was saved.,17,40
339446,C2,46,0,"Hi, Polaris I'm glad you wrote me.",27,1
339446,C2,46,1,I'm worried about you.,10,-1
339446,C2,46,2,I have some advice for you.,10,16
339446,C2,46,3,"Here are my sugestions to help you fight your shopping addiction: Firstly, you should leave your hose without money.",-1,-1
339446,C2,46,4,"Secondly, you shouldn't come close to any story.",15,-1
339446,C2,46,5,"Finally, try to spend you time with something else like any hobby of yours.",24,-1
339446,C2,46,6,I hope my sugestions can help you.,10,16
339446,C2,46,7,Take care!,10,-1
339446,C2,46,8,Aila,26,8
603197,C2,44,0,"To: xxx@unid.com From: xxx@unid.com subjectCSubject: Brasilia Networking event Hi Carl, I just returned yesterday from a successful networking event in Brasilia.",21,27
603197,C2,44,1,There were hundreds of public workers at quot;Palacio do Planaltoquot; sharing contacts and ideas for new plainnningSPplanning.,19,30
603197,C2,44,2,I think that the minister was so excited about my ideas about indicators.,21,34
603197,C2,44,3,Maybe he'llWChe can help me!,10,16
603197,C2,44,4,I guess that he liked my ideas.,21,-1
603197,C2,44,5,I'll tell you more next week.,10,16
601449,C2,46,0,Just dance is a kind of video game.,13,22
601449,C2,46,1,"You have to dance imitating the person who appears on the screen, if your movements are exactly likeWCalike you get 5 stars.",13,22
601449,C2,46,2,"First you choose a song, then the music starts you have to dance to the end, are not allowed toWCyou must not stop dancing.AS You can dance alone just to get a high score orAS PRwith evenAS MWupto 4 people to see who madeVTmakes the highest score.",13,22
751735,C2,42,0,"Since MWI was a little boy, I everyD was playing soccer, and so many times I had brokeWCbroken my legs, stripedSPstripped my ankle, and other various injuries.",14,6
751735,C2,42,1,These problems had takeWCtaken manyWCmuch time for IMWme to be better.,21,-1
339173,C2,44,0,To Marketing Assistant vacancy.,21,42
339173,C2,44,1,Wrote below my marketing experience.,21,42
339173,C2,44,2,Coordinated a sales marketing team during five years.,21,42
339173,C2,44,3,Developed a marketing course to new employees.,21,42
339173,C2,44,4,"Dedicated to activity of the planned, manged and controlled sales.",21,42
339173,C2,44,5,I like to much to talk with customers to undrestand their necessity and to notice new solutions.,21,-1
339173,C2,44,6,I hope to can explain more details during an interview.,21,16
339173,C2,44,7,"Yours sincerely,",-1,8
969958,C2,44,0,"Hi Tommy, I just returned from an amazing training in Beijing at PRon 20th Dec,AS 2013.AS My colleague,AS Bluesky liu CLiu and I attent VTattended the emotion control training.AS There were almost fifty people in the meeting room.AS We learned when PRabout the emotion theory buildsD,AS what is the Dpositive emotion and negative emotion, how can weWOwe can control emotion in work and living.AS Bluesky and I were asked to appear MWas a tired husband and angry wife to discoverAR the real cause of daily conflict.AS The other peropleSPpeople were asked to appearPR in management and staffs conflict.AS After the training we really understood the only solution for conflict is thinking as oppositiveWClike the opposite side.AS If you feel his or her feeling PLfeelings with your heart,AS you can decrease the conflict with other oneWC people.AS You could feel beter SPbetter more and more  inPRat work and livingWC in your daily life.MW Bye, Your name",21,41
946690,C2,46,0,Dominoes areMW\ kind of board game.AS You have to do turns.AS The player start VTthe game which have piece number one.AS The second player is allowed to put the piece with number one.AS If you make similar the pieces then the players to get the points.AS If you hold many pieces you should to take points of players on yourself.AS It is logical game and very interesting.,-1,23
106298,C2,48,0,Hello!,12,1
106298,C2,48,1,Nice to hear you!,-1,-1
106298,C2,48,2,Thank you for the invitation.,8,-1
106298,C2,48,3,"It'sWCThis party MWis going to be great!Sorry, I'm busy tomorrow.",8,35
106298,C2,48,4,I have got plan.,5,36
106298,C2,48,5,I am going to POmygrandmother in ARthe next town on she's POherbirthday.,-1,11
106298,C2,48,6,She called me at ARthe past month.,21,16
106298,C2,48,7,"She is very old, I can't reject she's POher invitation.",8,32
106298,C2,48,8,LickySPLuckyWCEnjoy your party!,8,31
709708,C2,41,0,"I think johnCJohn and Isabella are good personPLpeople ,PU.",17,-1
709708,C2,41,1,"theyCThey canD hasVThave good things ,PU.",-1,-1
709708,C2,41,2,"originalWCOrginally,AS johnCJohn is a poor boy RS,AS but incredibly RS,AS he has manyWCa lot of money ,PU.",17,18
709708,C2,41,3,"heCHe loves isabellaCIsabella ,DAS and they are  happet SPhappy,PU.AS inCIn the end RS,AS they areVTget married ,Dand they Dare very happy RS.",17,40
142400,C2,43,0,"Dear Daniel, I have a proposal about the Dress Coat.I don't like to work if my clothes arn't comfortable.",6,14
142400,C2,43,1,I'm very happy if you coult a other Dress Code like not miniskirt to assort normal skirt.,6,14
142400,C2,43,2,It's not to be baggy jeans but maybe a streight jeans.,6,14
142400,C2,43,3,So i hope you understand me.,10,16
877529,C2,42,0,"I had an accident when I was ridding SPriding the bike with my friends.AS I couldn't howD control the bike.AS soCSo I rode it very slowly.AS Suddenly,AS my friend Jane rode her bike quickly then iCI was knocked down and fell down WCoff the bike RS,CO andAS broke my leg.AS I also sprained my wist SPwrist and bruised my fingers.AS I had to go to the hospital,AS and I stay WCstayed there for a week.",14,6
98961,C2,47,0,"16th, September.",8,32
98961,C2,47,1,"Yesterday, I ate dinner on this resturant, the meal was terrible.",28,39
98961,C2,47,2,To start with my soup was salty.,28,39
98961,C2,47,3,"Then, my main of the steak which was overcooked, and the red wine was very sour.",28,39
98961,C2,47,4,"Finally, my dessert of the coffee was very bitter.",28,39
98961,C2,47,5,"The dinner was disgusting, and I won't come back again.",28,39
980836,C2,45,0,Our boss has some concerns about the DwaySPways to save money ofPRfor ARthe company.,21,41
980836,C2,45,1,I proposeVTproposed to cut expenses that we don't need and fire less qualified employees.,21,41
980836,C2,45,2,It was difficult because layoffs has its own advantages and disadvantages RS.,21,41
980836,C2,45,3,I think layoffs have more disadvantages than advantages.,21,41
980836,C2,45,4,The biggest advantage would be saving money.,21,-1
980836,C2,45,5,Also the biggest disadvantage would be employee morale.,21,41
980836,C2,45,6,We need to work more efficientVTefficiently to replace less qualified employees layoffs.,21,41
980836,C2,45,7,I want to sayWCmention my proposal at our next meeting RS.,21,27
736304,C2,41,0,"To:xxx@NL.com; xxx@NL.com; xxx@NL.com From: xxx@NL.com Subject: Summary of sales meeting Dear team, Here's a summary of our sales meeting: * Adam asked how many new customers we have.",21,27
736304,C2,41,1,Taylor said we have about 50 new customers.,21,41
736304,C2,41,2,* Chris asked what we're doing to increase sales.,21,41
736304,C2,41,3,Taylor said we should pay more to salespeople with big sales.,21,41
736304,C2,41,4,Action item: * Taylor said that we need to think of anything else that will increase sales.,21,41
736304,C2,41,5,Thanks.,-1,5
736304,C2,41,6,Arwa,26,8
873802,C2,42,0,I never had theARa big accident.,14,-1
873802,C2,42,1,I had ARa small accident when I was taking the train.,14,6
873802,C2,42,2,The train was very cloudedSPcrowded.,14,-1
873802,C2,42,3,But one of the customer intoWCin the train.,14,-1
873802,C2,42,4,The customerD hit me Dmy breast.,14,6
873802,C2,42,5,RSAS I couldn't breathe.,-1,8
873802,C2,42,6,I had painingVTpain for a week.,14,6
873802,C2,42,7,There should be no way DtheCThe customer didn't say ' I'm sorry' 'D.,14,35
873802,C2,42,8,It was the 1st unlucky day.,14,7
671146,C2,46,0,Canastra is a kind of card game for two or four peoplesWCpeople ( two pairs).,-1,23
671146,C2,46,1,Every one receiveWCreceives eleven cards.,-1,23
671146,C2,46,2,"You have to match three cards, for example, three 2, three 5 and so on, or sequence like 2,AS 3,AS 4 and so on.",-1,23
671146,C2,46,3,Is allowed laid on the table only three cards or moreWOYou are only allowed to lay three or more cards on the table.,-1,23
671146,C2,46,4,"InPROn your turn, yoySPyou buyWCpick a card.",-1,23
671146,C2,46,5,"RS If you have one sequence of seven cards and no more cards in your hands, before hisWCyour opponent PU, you win.",-1,23
671146,C2,46,6,RS,9,8
1080469,C2,41,0,Subject: summaryCSummary of school meeting.,21,27
1080469,C2,41,1,"Dear studentCStudentPU,  RSThis is a summary of our school meting.",9,27
1080469,C2,41,2,Ali asked how many trip we have PRin this term?PU.,31,15
1080469,C2,41,3,Khaled said we don't have any trip PRin this term because moySPmany has gone.,31,37
1080469,C2,41,4,Salem asked how to improve activities in our school?PU.,21,15
1080469,C2,41,5,Najy said we MWare going to create new activities next month.,21,-1
1080469,C2,41,6,Action item: We wellWCwill create new activities RS.,21,41
1080469,C2,41,7,ThanksPU!,-1,5
1080469,C2,41,8,RSAbdulrahman,9,8
968592,C2,44,0,"To: xxx@gmail.com; xxx@gmail.com From: xxx@gmail.com Subject: Networking event for Internet Sales Hi, Reyna and minghaoCMinghao.",21,27
968592,C2,44,1,"I just got back from a cool networking event about Internet Sales in Shanghai, China last weekend.",21,-1
968592,C2,44,2,There were a lot of executives MW who met to share ideas about internet sales.,21,-1
968592,C2,44,3,I think that Mayun was interesting WCinterested aboutPR in  my InternetCinternet sales idea.,21,-1
968592,C2,44,4,Maybe he'll call me!,10,16
968592,C2,44,5,Everyone was very friendly.,-1,29
968592,C2,44,6,I'll tell you more on Monday!,10,16
968592,C2,44,7,Reykou,26,8
763242,C2,42,0,I had an accident when a was a this until today.,14,6
763242,C2,42,1,"At a given timeWCSuddenly, the bike slipped on the wet grass and then I fell down.",14,6
763242,C2,42,2,The handleAS bars of ARthe bicycle hurt my leg.,14,6
763242,C2,42,3,I have the scar until today.,14,6
965311,C2,42,0,"I had an accident while training in my old futsal team, mercedes-benzSPMercedes-benz.AS Eu took a cart but my foot MWgot caught on the court, making me twist my right ankle and feel a sharp pain at theWCthat moment.AS This accident tore ligaments in my ankle, makingWChaving me MWgo three months without playing, being two months in a cast and RS,AS unfortunately,AS I feel pain until today!",14,6
862696,C2,42,0,"I ridingWCride a bike in a skate park, and on a thing ( I forget the name ), I've lost control and I fallWCfell.",7,6
862696,C2,42,1,"Finally, I had a rip in the head, so 6 seam points.",14,6
862696,C2,42,2,"I've nothing brokeWCNothing is broken, so It'sCit's a chance for me, but 3 months without intensive sport.",10,6
622289,C2,45,0,I am proposing a hiring freeze as a way to cut expenses.,21,41
622289,C2,45,1,I know that some people believe that layoffs are quick way to save money.,21,41
622289,C2,45,2,I think layoffs have more disadvantages than advantages.,21,41
622289,C2,45,3,The biggest disadvantage would be employee morale.,21,41
622289,C2,45,4,Our staff is to important!,21,-1
622289,C2,45,5,"So, as staff retires or leaves the company, we would not replace them.",21,41
622289,C2,45,6,We would find ways to do our work the employees we have.,21,-1
988368,C2,44,0,"Hi,D Jody.PU, We had a networking event last week in NTU,PU.",21,15
988368,C2,44,1,Professor Yang and James participated in this event.,-1,-1
988368,C2,44,2,Prof. Yang just came back to Taiwan.,-1,-1
988368,C2,44,3,"In the past years, he taught operation management in essex CEssex university, UK.",21,43
988368,C2,44,4,We talked about the research and life.,21,-1
988368,C2,44,5,Prof. Yang said the situation of higher education in Taiwan need to do some innovations.,-1,-1
988368,C2,44,6,"Prof. Yang brought us so many interesting experiences, you should come with us.",-1,-1
988368,C2,44,7,"Best regardWC regards, Shane",-1,5
613957,C2,42,0,"Dear Aunt Jane, Don't worry about that,AS I will tell you the flow: E-ticket--printed from home from your computer to prove you bought a ticket.AS youCYou need it to confirm the air company,AS given to you by the flight attendant at the airport,AS show your passport,AS card,AS boarding pass to customs officer.AS youCYou will get a luggage tags,AS labels for your bags so that you dont lose them.%%you will get a arrival card when arrive USA airport.",31,10
613957,C2,42,1,I will pick you up at airplanSPairplane.,31,10
613957,C2,42,2,I hope to see you soon.,10,16
613957,C2,42,3,Best wish claireSPClaire,-1,5
1185464,C2,43,0,I worked for a factory that made air filters for cars.,21,42
1185464,C2,43,1,"theCThe filters were good and the funcionabilitySPfunctionality too was good, but the cost was up, MWand the mismanagement was terrible,PU.",21,18
1185464,C2,43,2,"the CThe boss decided that the solution was to hire another CEO, and then the situation was betterPU, too MWand the comunicationSPcommunication got better.",21,41
1185464,C2,43,3,theCThe employee morale was Dgot better and MWthe company bought the machines PRwith latest technology.,21,41
603194,C2,41,0,xxx@twc.com from: xxx@twc.com Subject: summary of sales meeting.,21,27
603194,C2,41,1,"RS Hi, I'm writtingSPwriting to summarize our sales meeting MWthat happenedWCtook place yesterday: * Adam asked how many new customers we have; * Taylor said we have certanlySPcertainly about 50 new customers; * Chris asked what we are doing to increase the sales; * Taylor toldWCsaid we should pay more to salespeople with big sales; Action item: Taylor said we need to imagine anything else that will increase the sales.",21,41
603194,C2,41,2,Thanks.,-1,5
310310,C2,43,0,"Dear Hernan, this is our new dress code.",6,14
310310,C2,43,1,"Men can wear long pants, formal shirts,tie and dress shoes.",6,14
310310,C2,43,2,"They can't wear: short pants,t-shirts, tennis,baseball caps.",6,14
310310,C2,43,3,"Women can wear a formal dress,not colors so striking, straight skirt ,a cotton blouse,formal shoes,a scarf.",6,14
310310,C2,43,4,"They can't wear tight pants,mini shirts,baggy pants.",6,14
310310,C2,43,5,"Please let me know about this dress code, maybe you can think in any improve.",6,14
310310,C2,43,6,Regards Alex,-1,5
965238,C2,45,0,Dear All; I am proposing PRto change the current place becauseMW it is very small and the cost is expensive.,21,18
965238,C2,45,1,"I understand that will WCwe should be Dgo to out of ARthe city downtown, RS the office room Dis biggest WCbigger than here.",-1,-1
965238,C2,45,2,Other WCAnother advantage is the price around 30% cheaper and next theD to many restaurants.,-1,18
965238,C2,45,3,"Our team is very important for us, but is necessary PRto cut expense.",21,41
965238,C2,45,4,WCexpenses.,-1,8
965238,C2,45,5,I suggest that we need PRto meet and talk about my proposal at our next conference call.,21,27
965238,C2,45,6,Best Regards; Rossoni,-1,5
593131,C2,48,0,Hi.,12,1
593131,C2,48,1,"I'm fine, thanks.",10,-1
593131,C2,48,2,"I'd like to meet youPU, but I'm busy on Tuesday at a meeting of businessWObusiness meeting.",21,35
593131,C2,48,3,We can not score for ThursdayWCCan we change the meeting day to Thursday?,24,-1
593131,C2,48,4,I will be happy to receiveMW you.,10,16
593131,C2,48,5,If possible selectWCcould we meet for dinner forPRat 8 pm.,24,20
593131,C2,48,6,n the days ofPROn Thursday and Friday the city is more quiet and the restaurant too.,-1,9
593131,C2,48,7,Mark the return flight for later.,31,10
593131,C2,48,8,Thanks for compression and welcome.WC Please let me know if you are available Luiz,-1,5
892932,C2,42,0,"I had anARa big accident last summer when I wasD spend the holidays at my aunt's house.AS I wasD I was going to swim in the pool when I slipped and fell, hit his mouth on the floor and broke two teeth.AS I felt a lot of pain, bled a lot and my aunt took me to the hospital near their home.",14,6
892932,C2,42,1,"Dr. Paul prescribed me some medicine and in a few days is fine, but my teeth were horrible.",14,6
1127204,C2,45,0,We hold a medical conference in a large hall every year.,-1,-1
1127204,C2,45,1,I propose that it take place every other year to cut expenses.,21,-1
1127204,C2,45,2,"I know our director likes showy and large-scale conferences, but they cost too much and take a lot of time.",-1,18
1127204,C2,45,3,"The doctors and comedicalsSPco medicals don't have so much time, so their presentations and researches seem to become more inaccurate year by year.",-1,-1
1127204,C2,45,4,"If the conference takes place biennially, the staffs will do the Dbetter works and our director will be satisfied with that.",-1,-1
1127204,C2,45,5,I think my proposal has more advantages than disadvantages.,21,41
270461,C2,45,0,"Hello, everyone, nice to meet you, I'm Ella, I am from China, now is working in a US company as a customer service, I have worked for 5 years, I like music, reading, travel, spending time with family and friends.",25,3
270461,C2,45,1,"Normally, I go to work at 8 oclock and back home at 6 oclock.",24,21
270461,C2,45,2,Wish you happy every day,-1,31
152165,C2,45,0,My family is a very normal family.,20,25
152165,C2,45,1,My father is really hard-working and he's a generous person; he's fairly available.,20,36
152165,C2,45,2,My mother is a housewife and she is quite organized and patient; she isn't forgetful.,20,36
152165,C2,45,3,My brother is really moody!,20,8
152165,C2,45,4,"Sometimes he's helpful, but often he's lazy and impatient.",21,36
152165,C2,45,5,"He isn't very successful, but he's responsible.",21,36
152165,C2,45,6,"At the end, I'm the youngest of the family; I'm quite ambitious and adventurous.",20,25
152165,C2,45,7,I'm a bit patient and I am not very talkative.,21,36
152165,C2,45,8,I'm honest and self-confident.,21,36
307045,C2,46,0,Dear Polaris thanks you for contact me to help you leve the adiction to shopping.,-1,5
307045,C2,46,1,"Fristly you have to make a plant to stop shopping, for example you should set up a date to stop shopping.",-1,12
307045,C2,46,2,Secondly avoid go to place the invite to shop.,8,-1
307045,C2,46,3,"Therdly make a list tha everything that you have, this help you to notice that you don't need nathing more Finally you have to joing to a grup of support, this meke you live much easy.",21,30
94894,C2,42,0,Hi Aunt Alice; I am great thank you .,-1,5
94894,C2,42,1,"About the travel documents .It's really important that you bring your passport,e-tiket and visa to the airport with you .",31,10
94894,C2,42,2,"Keep them in a safe place.You can get luggage tags at the check in if you don't have any .You write your name and address on them ,and attach them to your suitacses ,at the check-in the receptionist will give you a boarding pass ,You need that to get on the plane,so don't lose it!",-1,10
94894,C2,42,3,"You don't need to bring a map ,because I can show you around.",10,37
94894,C2,42,4,Best wishes Jenny Thank you!,-1,5
180179,C2,48,0,Hi!I'm extremely WCvery well.,12,1
180179,C2,48,1,I'm afraidD.,10,-1
180179,C2,48,2,I will be busy at the lunchtime.,5,20
180179,C2,48,3,I would like to reschedule it.,24,35
180179,C2,48,4,Why don't we have dinner after 6 pm?,24,20
180179,C2,48,5,I know one WCa very good restaurant.,28,39
180179,C2,48,6,There are always fresh and tasty dishes.,28,39
180179,C2,48,7,Music is not loud and people are polite.,-1,22
180179,C2,48,8,See you!,10,16
123390,C2,42,0,"Hi Jane, We are looking forward to see you.well,E-ticket the ticket which you can copy it from your computer.you need to take your passport,in the airport you optain Luggage tags,boarding pass,on the airplan you optain arrival card.",31,10
123390,C2,42,1,love you,2,-1
825178,C2,41,0,"To : xxx@mn.com , xxx@mn.com from : CFrom : xxx@mn.com subject : CSubject : Summary of mondays WCMonday's budget meeting I am writing to summarrize our meeting about the TDH project .",21,27
825178,C2,41,1,- Sara asked who is working on the project - Dana said that jay CJay and nouf CNouf are working on the project fainalySPfinally !,-1,-1
825178,C2,41,2,action item Dana said that she can comfirmSPconfirm that on fridayCFriday Thank you ....,21,-1
310755,C2,43,0,"ISDearHermanPU,Dress CodePU:All employees must follow this dress code when they are in the office.Male employees cant wear ARacap baseballWObaseball cap or clothes too bag WCbaggy and looseISclothes.",6,14
310755,C2,43,1,"They can wear, Dclassic fashion clothes, for example, navy blue suit PLsuitsandARa tie or brown suit PLsuits and shirtPLshirts.",6,14
310755,C2,43,2,Female employees can't wear clothes that are short and tight.,6,14
310755,C2,43,3,"They can wear suit PLsuits and silk scarfPLscarves.Men and women should wear clothes makes theXCmade of natural fabrics, like a cotton, leather, silk etc.I hope I have helpedISyou.Daniel",6,14
392148,C2,43,0,"Dear Herman, below the new dress code for all office's employees.",6,14
392148,C2,43,1,"Men's dress code: all men can wear suits with white cotton shirt and black tie; they can't wear jeans or informal garments, like a baggy jeans or t-shirt.",6,14
392148,C2,43,2,"Women's dress code: all women can wear suits or long dress; please make attention on size and lenght, they can't wear skirts too short or too tight pants and polyester's blouses.",6,14
392148,C2,43,3,Best regards Daniel,-1,5
44454,C2,42,0,Hi Aunt Jane!,-1,1
44454,C2,42,1,it is a great news!,10,34
44454,C2,42,2,Are you going to visit someone or just having hollidays?,8,-1
44454,C2,42,3,"well, I will explain to you about e-tickets, is quite easy.",-1,18
44454,C2,42,4,"First you have to get in to the web site of the air line, then you have to check out all your personal information, after that you have to print it.",31,10
44454,C2,42,5,Y ou will give that to the customs officer.,31,7
44454,C2,42,6,"Dont forget to carry on your passport and visa, this is very important.",31,10
44454,C2,42,7,Have a nice trip!,-1,31
44454,C2,42,8,See you soon,10,16
820632,C2,46,0,"I don't like video games, but sometimeWCsometimes, I try to play on the tablet.",24,23
820632,C2,46,1,"I have a gamePU, thisWCit's name is CANDY CRUSH,PU.",27,15
820632,C2,46,2,"RS thereCThere areAS MWa few sweetPLsweets with a lot of colours, but you must destroy the purple gelatines.",-1,39
820632,C2,46,3,"If the purple gelatines are not destroyVTdestroyedPU, youAS MWwill lose.",-1,39
820632,C2,46,4,"RS This game is easy, there is not ofWCmany rules; I try to destroy the gelatines but I AM UNDERSTOODWCget outplayed often.",-1,23
663092,C2,44,0,"To:xxx@WCTo: rafael xxx@yahoo.com From:AS xxx@yahoo.com Subject:AS Vegas networking event Hi,PU!",21,27
663092,C2,44,1,"Rafael.PU, I just returned from a successful networking eventAS  RSin Las Vegas last week in the Palacios CasinoPU.",21,-1
663092,C2,44,2,RSa CA large group of owner executives were there to shareAS  RSIdeas Cideas about PRon how to decrease maintenance cost for propertiesPU.,21,-1
663092,C2,44,3,the CThe best Idea Cidea was probably a free training and orientation for all the co-workersPU.,21,-1
663092,C2,44,4,Wedside people seemedAS  RSexited SPexcited about my Idea Cidea and the owners too.,21,-1
663092,C2,44,5,I'll tell you more when I see you next week.,10,16
483152,C2,42,0,"Dear Aunt Jane, I'm so exciting for your visit to the USA.",-1,34
483152,C2,42,1,"A e-ticket is a ticket that you buy in internet, later you print it in your home and you show it in the airport.",-1,10
483152,C2,42,2,"You need your passport, you need it to enter in other country.",31,10
483152,C2,42,3,I think it's all you need to know or maybe you only need to ask that questions to your daughter Mary.,-1,8
483152,C2,42,4,See you later!,10,16
483152,C2,42,5,Karla.,26,8
1189532,C2,43,0,I have worked for a company for five years and we have some serious problems there.,21,42
1189532,C2,43,1,"The business are AGis doing very well, but I have not seen the employees happy with the company, I think the biggest problem of the company is the valorization of the employees.",21,41
1189532,C2,43,2,A solution would be that the managers could analize SPanalyze the employee separately and make a report to the financial director that could know who is working well and who is working bad.,21,41
1189532,C2,43,3,So the company could valorize who really deservesMW it.,21,41
1189532,C2,43,4,butCBut while it not happens we continue to hear reclamations SPreclamation from the employees.,21,-1
802453,C2,41,0,"To: xxx@hum.com; xxx@hum.com; xxx@hum.com From: xxx@nk.com Subject: Sumamary of last meeting Dear teamCTeam, Here's a summary of our sales meeting: * Carol asked how many new customers we have.",21,27
802453,C2,41,1,Fernan said we have about 30 new customers * Brian asked what we're doing VTto increase sales.,21,41
802453,C2,41,2,Fernan said we should pay more to salespeople with big sales.,21,41
802453,C2,41,3,Action item: Fernan said that we need to think of anything else that will increase sales.,21,41
802453,C2,41,4,Thanks.,-1,5
802453,C2,41,5,HD,9,8
464215,C2,43,0,Dress Code:This is a new dress code for the employees.,6,14
464215,C2,43,1,"It''s important to follow thisPLthese directions for the company could to maintain a good image in the marketEXto maintain the good image of the company.Men:Male should wear suits, shirts, tie, smart pants and clean shoes.",6,14
464215,C2,43,2,"They must toD wear natural fabrics like cotton and silk.Women:Female should wear skirts to the knees, smart women suits, cotton or silk blouses, dresses, scarfs and bags.",6,14
464215,C2,43,3,No bold colors please.,6,14
132225,C2,44,0,"Dear HR, According to my plan, I gotXChave some competences I think what I need includingXCthat include marketing,PU sales,PU organizedXCorganization, PSand management skillPLskills.PU There wereXCare several opportunities for a travelPStravelling on business inPRto ARthe USA to face some critical issues from customers.",21,42
132225,C2,44,1,For the duration of the workD I can alwaysD achieve every tasksXCtask my boss askedVTasks.,21,36
132225,C2,44,2,I look forward to your invitation.yoursCYours sincerelyCurtis Wu,8,16
891542,C2,42,0,I had an accident last year when I was arriving at my boyfriend's house.,14,6
891542,C2,42,1,We were going to motorcycle to house hisWOhis house  when the motorcycle slipped in the street.,15,6
891542,C2,42,2,I broke my leg and hurt my head.,14,6
891542,C2,42,3,I was WCwent to the hospital and was examined.,14,6
891542,C2,42,4,The doctor prescription WCprescribed me medicine.,14,6
891542,C2,42,5,Two month PLmonths after I MWwas really better and my boyfriend too.,21,-1
58621,C2,45,0,"Hello, I'm Elena.",27,2
58621,C2,45,1,I have a very nice family.,20,25
58621,C2,45,2,I live with my fiance and we are planning to get married this summer.,21,40
58621,C2,45,3,I'm easy-going and a bit lazy.,21,36
58621,C2,45,4,My fiance is both hard-working and patient.,21,36
58621,C2,45,5,"And of course he is a very smart and a brave, but sometimes a bit lazy as I.",21,36
58621,C2,45,6,His mother is both noisy and not patient.,-1,36
58621,C2,45,7,My mother is also a very smart and hard-working.,20,36
58621,C2,45,8,I really like my family.,20,25
58621,C2,45,9,I hope we will live long and happily.,-1,29
10069,C2,44,0,"I am interestedXCwould like to apply my reduseSPresume to the Marketing Position.I am ambitiusSPambitious, realiableSPreliable and hard-workPShard-working.",21,-1
10069,C2,44,1,"I have large sales, customer service, client relation and management skills.I look forward VTam looking forwardto meet WCmeetinga ARaninterview.Your WCYours<<Faithfully<<C, PU<faithfully,",21,16
789187,C2,43,0,I worked for a school thatWCwhere there was a headmaster very offensive and inflexible.,21,43
789187,C2,43,1,"She treated badD students, teachers, parents and all school's employeesMW badly.",21,43
789187,C2,43,2,One day I asked her why she treated badD everybody MWbadly and she replied meD that there was organization in that school because MWof its very important discipline.,21,43
789187,C2,43,3,I told her that we were in a school and everybody needed to be respected.,21,43
789187,C2,43,4,"I still told her that there wasn't reason to treat the people bad because we were a team, a big family.",21,43
789187,C2,43,5,AnotherWCOther employees of ARthe school asked her the same question.,21,43
789187,C2,43,6,She minded with our questions and arguments because we noticed some changes in her way to talk with us.,21,43
789187,C2,43,7,"She was kind, polite and sensitive.",21,-1
509058,C2,46,0,"Firstly, you have to save your salary when you received, a suggestion would be in a investment fund, save around 40%.",21,-1
509058,C2,46,1,Secondly you have to pay your counts and expenses and always pay before the date of maturity.,21,-1
509058,C2,46,2,Finally you spend the rest of your money like something that you like.,21,-1
509058,C2,46,3,"And if remain some money his salary, you have to save the rest, so you'll always have money.",21,-1
1127164,C2,42,0,I had a car accident just once.,14,6
1127164,C2,42,1,RS I was coming back home from the university on Friday night and I was so tired that I fell asleep while I was driving.,24,6
1127164,C2,42,2,I crashed my car against a tree and the seat belt bruised my chest.,14,6
1127164,C2,42,3,I had a little problem on my neck and I couldn''t move my head for a while.,14,6
1127164,C2,42,4,"My car was destroyed, but I think that I''m lucky because I recovered very fast and nowadaysPU, I have no medical consequences of the accident.",14,6
417091,C2,44,0,"Dear Human Resources,In regard to your advertisement for the position of Marketing Assistant, I am the good applicant because I'm outgoing, reliable and organized.",21,42
417091,C2,44,1,I have worked as an Assistant for 3 years.,21,42
417091,C2,44,2,"If the company likes my CV, you will ask me to go for an interview.Your sincerely,Jaqueline Menezes",21,-1
62171,C2,43,0,All employees must follow the dress code at all times when they are in office.,6,14
62171,C2,43,1,"Woman can wear dresses, woman's suits or straight skirts.",6,14
62171,C2,43,2,Female employees can't wear bracelets and oversized earrings.,6,14
62171,C2,43,3,Men can wear suits.,6,14
62171,C2,43,4,All employees can't wear jeans and T-shirts.,6,14
62171,C2,43,5,"All clothes must be made from natural material fabrics such as cotton, wool and silk.",6,14
62171,C2,43,6,"The colour of clothes must be black, white, beige or dark blue.",6,14
62171,C2,43,7,"Anyone, who doesn't follow the dress code, will lose their job.",6,14
229357,C2,44,0,I'm interested in this position.,21,-1
229357,C2,44,1,"Because I want to be a marketing analyst in the future, so be an assistant in marketing is my first step in my career.",21,42
229357,C2,44,2,"In regard to the education and qualifications, I've graduated in economic and management.",21,43
229357,C2,44,3,I also have a master degree of statistics.,21,43
229357,C2,44,4,I've worked as a research assistant for last one year.,21,42
229357,C2,44,5,The field that I've researched have been about consumer behavior.,21,-1
229357,C2,44,6,"In addition, my personality is hard-working, enthusiastic and ambitious.",21,36
229357,C2,44,7,I always meet my target.,21,36
471763,C2,43,0,"Dear Herman, Follow below the new dress codeWO the new dress code below:TheD menCMen can use only suits and tie.",6,14
471763,C2,43,1,"they CThey can't use jeansPU,  t-shirts and cap.TheD womenCWomen can use dress, long skirts with cotton blouse, but they can't use tight shirt and mini-skirt.I hope this dress code meets your expectations.Regards,Daniel.",6,14
855248,C2,42,0,theCThe bigestSPbiggest accident I ever had was one way while I was driving to my job by the highway when I saw a big blue car overtaking me while we camingSPcoming up a bridge.,14,6
855248,C2,42,1,"In this momentPU, I see a big truck cammingSPcoming to us.",14,6
855248,C2,42,2,The big blue car crush in to the Truck and hit my car.,14,6
855248,C2,42,3,I was luck cause I only wreist my neck.,14,6
629569,C2,44,0,"StrudiesSPStudies: Arizona University, Ph.AS D. Marketing Enterprise UCLA, Relationship apply to marketing admSPAdm.",21,42
629569,C2,44,1,"RS Universidad de Chile 2000-2001 Career: EngeneeringSPEngineering, Marketing Specialization Experience: Worked MWas a marketing in Mall Alto Las Condes, Chile, 2009-2010.",21,42
629569,C2,44,2,"RS Worked MWas a marketing assistance in Jumbo supermarket, Chile, 2006-2009 ComputacionalSPComputational Skill: Expert Mac OSX, keynote, pages and CS5 photoshop 2010.",21,42
629569,C2,44,3,"Idioms: Spanish full, English (Inter.",-1,3
629569,C2,44,4,"), PortugesSPPortugese (rookie).",-1,3
629569,C2,44,5,"Remarks: It isVTwould be a pleasure for me,D to be a part of your enterprise.%%",21,42
848513,C2,45,0,"ZY company's market share decreased last year.AS Consequently,AS sales revenue has decreased.AS I am proposing two ways to solve that problem:AS cutting expenses and rising WCraising market share.AS I believe that a hiring freeze is a good  RSway to cut expenses.AS Maybe some people think layoffs can save money quickly.AS But layoffs have more pros than conWCdisadvantages .AS The biggest pros DisAR the hitting WChit to staff morale.AS As for rising WCraising market share,AS I suggest that we should Dretrain our employee PLemployees to promote WCimprove their sales skillPL skills.AS I have some concerns that PRabout how ARthe staff react VTwill react when they know the solutionsWChear the news.",21,41
610030,C2,43,0,I worked for a company that made tv'sSPTVs.,21,42
610030,C2,43,1,"The employees and deSPthe manager had a great communication but the company's problem isWCwas a lack of innovation so the manager and the other employees decided that the solution was to have a meeting with the boss, after they talkVTtalked with the boss they decided have more innovation and with that the company got better because sold more tv'sSPTVs.",21,41
121288,C2,45,0,"Hi, aboutCAbout Daiane, the newest ISin my family member D I don't have many things to say.",0,1
121288,C2,45,1,"She's both lovely and smart, She's either D a bit lazy and XCbut hard-working.Actually she is only student.About my sisterPU, she is very cool but not easy-going, sometimes she is angry, when that XCshe happendSPhappened the better thing to do is keep out.She is both very successful and intelligent, she work AGworks  as a manager ISin an engineering IScompany.",21,36
628895,C2,45,0,I think that we should improve our newspaper business before it is too late.,21,-1
628895,C2,45,1,"I know that this soundsMW like ARa very big movePU, but how about if we'll finish our paper version and publish only online edition?",21,-1
628895,C2,45,2,The big advantage is that we will save ARa huge amount of money every year.,21,-1
628895,C2,45,3,"Of course we should remember that all our customers still want to read ARthe paper versionPU, but I think that it is only a small part.",21,41
628895,C2,45,4,Maybe we should do someAS kind of customer research before we doWCmake decisions.,21,-1
53120,C2,43,0,"Dear staff members, That is the new dress code for the office.",6,14
53120,C2,43,1,Our boss is looking forward that all staff members follow the dress code.,6,14
53120,C2,43,2,"Women can wear skirts which cover the knees, not too loose blouses and dresses.",6,14
53120,C2,43,3,Women can''t wear tight miniskirts and loose T-shirts.,6,14
53120,C2,43,4,"Every colour is acceptable, but please not too crazy.",6,14
53120,C2,43,5,"Men can wear only suits in black, gray or navy blue.",6,14
53120,C2,43,6,Men have also to wear a tie.,6,14
53120,C2,43,7,It is not allowed for men to wear baggy jeans and untucked T-shirts.,6,14
53120,C2,43,8,Our boss prefer natural fabrics so keep trying to wear these materials.,6,14
53120,C2,43,9,"Thanks a lot, Mary",-1,5
424337,C2,41,0,Tom don't like John.,17,23
424337,C2,41,1,He knows that John shouldn't be on the ship and inform the captain.,17,7
424337,C2,41,2,The captain arrest John.,17,7
424337,C2,41,3,Isabella is very sad about this and also very mean about Tom.,17,-1
424337,C2,41,4,Suddenly a great storm is broken.,3,6
424337,C2,41,5,The captain must release John.,17,-1
424337,C2,41,6,"After they receive the safely land, John and Isabella marry in haste.",17,40
424337,C2,41,7,And they all lived happily ever after.,18,29
30665,C2,48,0,"Hello John, I have received your letter.",-1,1
30665,C2,48,1,I miss you so much.,10,35
30665,C2,48,2,But I'm so sorry we won't meet next Tuesday.,10,35
30665,C2,48,3,Beacause I am busy on Tuesday.,5,35
30665,C2,48,4,I have to work.,5,36
30665,C2,48,5,What about next Friday?,-1,16
30665,C2,48,6,I love Friday.,-1,12
30665,C2,48,7,I'm looking forward to see you.,10,16
30665,C2,48,8,lily,-1,8
256747,C2,44,0,"Anastasia Vlasova Date of birth: 19.01.1983, Russia.",11,-1
256747,C2,44,1,"2005 - graduated from Voenmex university, ingeneer.",21,-1
256747,C2,44,2,2005-2009 - worked as a secretary and an assistant of a director.,21,42
256747,C2,44,3,2009 - to present time - work as a manager.,21,42
256747,C2,44,4,I organize and plan duties for our team.,21,-1
256747,C2,44,5,Communicate with clients and take their orders.,21,42
256747,C2,44,6,"I'm punctual, organized, reliable, honest, freindly.",21,36
621409,C2,44,0,"To:AS xxx@c.com; xxx@b.com From:AS xxx@z.com Subject: Tokyo networking event Hi, Tanaka, Kojima I returned from a networking event in Tokyo.",21,27
621409,C2,44,1,This event was held as a place Dfor the new promotion method.,21,-1
621409,C2,44,2,Several hundred people who work in ARa variety of industries VThad gathered.,21,30
621409,C2,44,3,We discussed the details of a plan for a long time and we haveD decided to conduct an effective promotion together.,21,-1
621409,C2,44,4,RS I think that this event was very useful  RSfor me.,9,-1
621409,C2,44,5,I will tell you morePR in POour next meeting.,21,16
781303,C2,44,0,To: xxx@Gvj.com.,21,27
781303,C2,44,1,From: xxx@dslkjfc.com.,21,27
781303,C2,44,2,Subject: Designing websites contacting event.,21,27
781303,C2,44,3,"Hi Jack, I'm writing to summarize ARthe designing websites contacting event.",21,27
781303,C2,44,4,"It was a great helpful event, the place was at the beach and the food was delicious.",28,-1
781303,C2,44,5,There were an Dinternational executives.,21,-1
781303,C2,44,6,All executives provide VTprovided ideas about designing websites and they were friendly.,21,-1
781303,C2,44,7,I made some important contacts.,21,27
781303,C2,44,8,I'll probably got VTget calls from Mark and Marry.,10,27
543835,C2,45,0,"Zhigang,DAS Wang Hi, I am Zhigang.",-1,2
543835,C2,45,1,I joined the family in 1995 when my wife and I got married.,21,40
543835,C2,45,2,We haveWChad a son in 1997.,20,-1
543835,C2,45,3,"I isAGam neither easy-going nor lazy, and isAGI am both hard-working and energetic.",21,36
543835,C2,45,4,My wife is aARan accountantPU.,21,40
543835,C2,45,5,MWShe is neither easy-going nor lazy but likeVTlikes PRto sleep.,21,6
543835,C2,45,6,My son likeVTlikes to studyPU.,21,43
543835,C2,45,7,MWHe is a good student in his schoolD.,21,43
543835,C2,45,8,"My wife and I amAGare both employeePLemployees of companyPLcompanies,PU.",21,40
543835,C2,45,9,MWWe rely PRon our salaryPLsalaries life in these yearsD.%%,21,-1
827912,C2,43,0,I worked for a bakery that made different kinds of cakes.,21,39
827912,C2,43,1,"The cakes are really delicious, but the management is lazy, and the bakery MWdid not expand.",28,39
827912,C2,43,2,The chiefs had aD bad communication with him.,21,-1
827912,C2,43,3,"One solution was to fire the management, and hire one more usefulMW person.",21,41
827912,C2,43,4,Another possibility was to have a team meeting with management and talk about your negatives points.,21,41
827912,C2,43,5,That was a very good idea.,-1,-1
562289,C2,41,0,To: xxx@Comet.com; xxx@Comet.com; xxx@Comet.com.,21,27
562289,C2,41,1,From: xxx@Comet.com Subject: Summary of July's sales meeting.,21,27
562289,C2,41,2,Hi.,12,1
562289,C2,41,3,Here's a summary of our sales meeting: * Ana asked how many new customers there are.,21,41
562289,C2,41,4,Raul said that we have about 600 new customers.,21,41
562289,C2,41,5,* Tom said that we need new hires.,21,41
562289,C2,41,6,Raul said that we have 20 new positions.,21,41
562289,C2,41,7,Action items: * Raul say that we need to think of ways to get new customers and new products.,21,41
562289,C2,41,8,Thanks.,-1,5
562289,C2,41,9,Dalia,26,8
409777,C2,43,0,Dress CodeWomanPLWomen can use a straight skirt and T-shirts of cotton.,6,14
409777,C2,43,1,Necklaceand braceletesSPbracelets are permitedSPpermitted.,6,14
409777,C2,43,2,Suit PLSuits are permitedSPpermitted.,6,14
409777,C2,43,3,"NoWCNot permitedSPpermitted tights, TopsCtops and thightSPtight dress.ManPLMen should use a tie, suit and a cotton shirt.",6,14
409777,C2,43,4,Jean pants not permitedSPpermittedPU.,6,14
922239,C2,42,0,"I guess the strangest accident I have ever had was an accident I had when I was ARa kid.AS I was playing volleyball, when a girl hit me, I slipped and fell down.",14,6
922239,C2,42,1,"I broke my arm, sprained my wrist, hit my head and the director of the school, took me to the hospital.",14,6
922239,C2,42,2,I stayed there for two days because I was unconscious for hours.,24,6
922239,C2,42,3,It hurt a lot.,14,6
1001284,C2,42,0,I had an accident when I was six years old.AS I was running to my mother when my parents were working in the fields.,14,6
1001284,C2,42,1,"Suddenly I fell down on the ground and my face was slashed with stubble.AS The wound was deep and I lost a lot of blood.AS My parents were frightened when they saw I was crying and bleeding.AS They sent me to theD hospital, and I had the bandage on my face for a long time.",14,6
1001284,C2,42,2,Now there is a scar below the left eye.,14,6
851525,C2,43,0,I'm a web designer worked VTworking for a design company.,21,42
851525,C2,43,1,"MW The Design Cdesign workload is stable, but when MW the marketing planner take VTtook too more WCmany case PLcases at the same time.PU, MW the Designer PLdesigners became very busy.",21,-1
851525,C2,43,2,We were unhappy MW as we had to work overtime everyday.,21,36
851525,C2,43,3,theCThe communication between management and MW the designer PLdesigners was very bad.,21,-1
851525,C2,43,4,"theCThe boss decided that the solution was to have a team meeting,PU and MW to add new employees.",21,41
851525,C2,43,5,thatCThat was a good idea.,-1,-1
1071769,C2,44,0,"Dear Tony, I just came back from a successful computer show in China.",25,-1
1071769,C2,44,1,"There were a lot people WCwho visited our booth, and most of them were interested in our products.",21,-1
1071769,C2,44,2,"ABC company which is the biggest computer company also got my name card,PU.",21,15
1071769,C2,44,3,"DI think they were really interested in our products,PU.",21,15
1071769,C2,44,4,maybeCMaybe they'll contact me for more details in theARa short time.,21,-1
1071769,C2,44,5,Let me tell you more when we meet next Monday.,10,16
1071769,C2,44,6,Daniel,26,8
953749,C2,42,0,I had an accident in my school days.,14,6
953749,C2,42,1,I was playing football in college court when a colleague tried to take the ball and knocked me down.,14,23
953749,C2,42,2,I fell over the arm.,14,6
953749,C2,42,3,AndCO and when WCthen I realized my arm was aching and very crookedWCit was broken.,14,6
953749,C2,42,4,REALLY MWit hurt a lot.,14,6
953749,C2,42,5,I went to the hospital and I was using ARa plaster for a month.,14,6
821279,C2,46,0,I sometimes like playWCplaying party games.,-1,23
821279,C2,46,1,One of these is called Trivial.,-1,8
821279,C2,46,2,"The rules of the game are that you roll a dice, who gets the higher score can take a card and read the phrase on it who MWwill describe objects, movies, books or characters.",-1,23
821279,C2,46,3,"You can explain with gestures to the others that play with youWCyou playing with, you're not allowed speak.",-1,23
821279,C2,46,4,WinWCThe player wins who guesses moreWCthe most words.,-1,23
1045517,C2,41,0,"Dear collegueSPColleague, I am writing about our meetingPU.",21,27
1045517,C2,41,1,I summarizeVTam summarizing the best points RS: First:AS Tom asked how many new shops areWChave opened in the last tree mounthsSPmonths.,21,41
1045517,C2,41,2,Chris ansevered that areWCsaid opened twenty shopsWOtwenty shops have opened in Europe.,28,41
1045517,C2,41,3,Second: Tom asked how many new customers increasedWCwere there.,21,41
1045517,C2,41,4,Chris said MWthat the exacteSPexact number not ' isWOis not yetMW confirmed RS.,9,8
1045517,C2,41,5,Last: wathSPWhat we canWOcan we do forVTto increase sales.,21,41
1045517,C2,41,6,Action item: We have to investeSPinvest betterWCmore in spotsWCsports.,21,41
1045517,C2,41,7,Thanks Francys,-1,5
1130629,C2,46,0,My favorite game is poker.,7,23
1130629,C2,46,1,This is a card game.,-1,23
1130629,C2,46,2,Each player receives chips.,-1,23
1130629,C2,46,3,He can put any Chips how hiSPhe likeAGlikes.,-1,23
1130629,C2,46,4,Each player is dealt 5 cards.,-1,23
1130629,C2,46,5,If the player on turn he RS bringAGbrings the chips.,-1,23
1130629,C2,46,6,Each player can also raiseRSRSRSRSRS RS.,9,23
1130629,C2,46,7,Or can get off early.,24,21
1130629,C2,46,8,The best way to play is with 3-6 players.,-1,23
1130629,C2,46,9,There are different ways to play.,-1,23
1130629,C2,46,10,The best  RSkind isAS Texas holden.,9,-1
1130629,C2,46,11,RS atCAt the end of  RSthe game  RSis the winner who receiveAGreceives all Chips.,-1,23
7412,C2,41,0,"Finally, after they fell in love they have Ddecided they could not live away from each other.",18,40
7412,C2,41,1,In the end Isabella broke up with Tom and escaped with John and lived forever with him.,17,40
145055,C2,44,0,Kuzmina HelenBirth date: 15/05/1987MWAddress:MWContact number/email id:PositionMWapplied for: Marketing AssistantEducation: Technical UniversityProfessional ExpirienceSPExperience: 2001-2003PU: MWI worked as aWaiterCwaiter MWin aRestaurantCrestaurantVTcalled&quot;Friday's&quot;PU.- MWItook ordersPU.- offered dishesPHI served food.,21,42
145055,C2,44,1,2003-2005PU:MWI worked as a CashierCcashierMWin a ShopCshopVTcalled&quot;Pacific Ocean&quot;PU.- deal withPHI handled cashPU.- spokePHI interacted with clientsPU.,21,-1
145055,C2,44,2,"2005-2010 PU:Marketing AssistantPRin &quot;ABC Sales&quot;PU.- MWIworked with clientsPU.- had dael PHI dealtwith marketing , sales , MWandcustomer servicePU.Qualities: outgoing , hard-working , reliable , organized ,MWandhave management skillsPU.Other possibilitiesWCqualifications : knowledgePRof 1c,MWand personal computer - Windows , Explorer , PaintHLPaintPU.LangugesSPLanguagesMWknown: English IntermediateMWand my mother tonguePU.",21,42
1025838,C2,46,0,Soccer game is a kind of game you have eleven people in your team and the main objective of the game is to kick the ball in the goal net advesrio.,7,23
1025838,C2,46,1,This is a very famous game in every part of munto and I like MWit a lot.,-1,23
1025838,C2,46,2,"But you MWare not Alowed SPallowed PRto pull or push to catch the ball RS, basically that's it RS!",-1,23
1025838,C2,46,3,"It's that easy RS, Is notSPisn't it RS?",9,8
